first_name,last_name,email,gender,dob
Eva,Lamyman,,Female,1983-05-04
Alasteir,Gould,agould1@pcworld.com,Male,1985-01-27
Binnie,Twohig,btwohig2@disqus.com,Female,1986-09-24
Marcella,Slessar,mslessar3@histats.com,Female,1964-01-03
Berta,Hogben,,Female,1970-05-24
Artemus,Eliassen,aeliassen5@cam.ac.uk,Male,1990-08-16
Vi,Paprotny,,Female,1966-05-22
Doris,Colquit,,Female,1962-06-13
Maisie,Arr,marr8@hc360.com,Female,1998-05-28
Shaun,Sowrah,ssowrah9@utexas.edu,Male,1996-07-28
Nikolos,Covell,,Male,1992-06-26
Verne,Petrovic,,Male,1978-08-03
Marcia,Mindenhall,mmindenhallc@oakley.com,Female,1991-08-29
Thurston,Agerskow,,Male,1966-12-12
Jobina,Ellesmere,jellesmeree@marriott.com,Female,1985-04-27
Glynda,Biggadike,gbiggadikef@delicious.com,Female,1966-09-14
Margie,Skarman,mskarmang@china.com.cn,Female,1963-02-19
Morris,Clacson,mclacsonh@ucsd.edu,Male,1974-06-07
Ethelind,Cerie,eceriei@xrea.com,Female,1976-05-25
Giuseppe,Possell,,Male,1968-07-23
Sherie,Galvin,,Female,1966-03-31
Daffie,Constantine,dconstantinel@reference.com,Female,1994-11-23
Celinka,Skepper,cskepperm@people.com.cn,Female,1999-05-25
Feodora,Dowe,fdowen@tripod.com,Female,1979-11-29
Marion,Hanselmann,mhanselmanno@edublogs.org,Male,1998-10-02
Rob,Fosh,rfoshp@ucla.edu,Male,1972-04-29
Graeme,Coniff,gconiffq@prlog.org,Male,1973-03-28
Roi,Ramiro,rramiror@soup.io,Male,1970-10-08
Fay,Steuart,fsteuarts@buzzfeed.com,Female,1994-03-24
Parrnell,Zmitrichenko,,Male,1990-11-25
Lorry,Odby,lodbyu@loc.gov,Female,1986-05-21
Roz,Masi,rmasiv@istockphoto.com,Female,1976-01-08
Constance,O'Brian,cobrianw@youku.com,Female,1985-06-15
Gregorius,McGrah,,Male,1985-02-23
Egan,Gailor,egailory@va.gov,Male,1977-12-19
Noellyn,Gianolo,ngianoloz@angelfire.com,Female,1973-12-19
Cybill,Mullany,cmullany10@yellowbook.com,Female,1964-06-11
Philipa,Challenger,pchallenger11@flavors.me,Female,1991-09-30
Remy,Halston,,Female,1978-11-04
Ephraim,Grandison,,Male,1966-12-02
Cherlyn,Claworth,cclaworth14@infoseek.co.jp,Female,1977-02-05
Mata,Karlsen,mkarlsen15@walmart.com,Male,1998-10-07
Terrence,Jopling,tjopling16@google.com.hk,Male,1999-07-09
Hortense,Found,,Female,1979-04-06
Hyacinthie,Shewen,,Female,1992-06-05
Minor,Ourry,mourry19@stumbleupon.com,Male,1981-01-05
Raffarty,Ethington,rethington1a@oracle.com,Male,1965-02-06
Abra,Raccio,araccio1b@java.com,Female,1978-10-13
Pryce,Gwilliams,pgwilliams1c@rediff.com,Male,1970-06-02
Elberta,Atteridge,,Female,2000-04-08
Genni,Morrice,gmorrice1e@usda.gov,Female,1973-11-04
Delphine,Asplen,,Female,1989-02-23
Truda,Samter,tsamter1g@ebay.co.uk,Female,1992-09-06
Stephanus,Lefley,slefley1h@example.com,Male,1966-05-16
Hildegaard,Filipic,hfilipic1i@networkadvertising.org,Female,1984-04-12
Ursulina,Canfer,ucanfer1j@linkedin.com,Female,1971-04-16
Cesya,Anlay,canlay1k@e-recht24.de,Female,1985-06-01
Sandi,Gillespey,,Female,1977-12-17
Mabelle,Speer,mspeer1m@opensource.org,Female,1966-08-30
Sutherlan,Rathborne,srathborne1n@seesaa.net,Male,1992-01-10
Towney,Jouannot,tjouannot1o@hud.gov,Male,1976-07-05
Elizabet,Ingilson,eingilson1p@washingtonpost.com,Female,1961-04-21
Ave,Hukins,ahukins1q@bloglovin.com,Male,1984-03-01
Nataniel,Mathou,nmathou1r@archive.org,Male,1966-08-28
Amby,Wylder,awylder1s@ox.ac.uk,Male,1964-11-08
Carree,Newstead,,Female,1977-08-13
Odella,Simek,osimek1u@goo.ne.jp,Female,1989-06-03
Thayne,Crosse,,Male,1968-11-19
Celina,Joynt,cjoynt1w@dedecms.com,Female,1966-11-02
Hagan,Rollo,hrollo1x@booking.com,Male,1972-07-05
Gabriello,Clendennen,gclendennen1y@usatoday.com,Male,1999-08-16
Guglielma,Malecky,,Female,1972-12-31
Farr,Cowthard,fcowthard20@google.co.jp,Male,1976-06-06
Claudia,Trench,ctrench21@gnu.org,Female,1999-04-02
Elmer,Perassi,eperassi22@wired.com,Male,1993-10-20
Davie,Winspire,dwinspire23@printfriendly.com,Male,1964-11-07
Abbot,Slyvester,aslyvester24@dell.com,Male,1960-09-10
Farris,Steven,fsteven25@shop-pro.jp,Male,1961-06-16
Lothaire,Jeacop,,Male,1995-09-14
Hill,Donahue,hdonahue27@house.gov,Male,1963-08-26
Kellen,Rentoul,krentoul28@economist.com,Female,1991-01-17
Corny,Feifer,cfeifer29@chronoengine.com,Male,1975-06-16
Anselma,Guyan,,Female,1999-05-23
Colly,Bewly,cbewly2b@bbc.co.uk,Female,1964-11-05
Aurore,Alman,aalman2c@blog.com,Female,1997-11-20
Rollo,Gremain,,Male,1974-12-05
Ermanno,Buckmaster,,Male,1987-02-25
Patrick,Girardoni,,Male,1965-05-04
Imogene,Adney,iadney2g@usa.gov,Female,1963-10-16
Leoine,Cayford,lcayford2h@rakuten.co.jp,Female,1965-11-28
Frank,Desporte,fdesporte2i@un.org,Male,1973-10-27
Shae,Ible,,Male,1971-03-11
Eyde,Firebrace,efirebrace2k@uol.com.br,Female,1981-10-27
Ulrica,Duke,uduke2l@yahoo.co.jp,Female,1997-04-19
Kennie,Antushev,kantushev2m@deliciousdays.com,Male,1985-03-30
Addie,Reuther,areuther2n@joomla.org,Male,1985-07-27
Heinrick,Kirkam,hkirkam2o@hostgator.com,Male,1972-04-21
Flynn,O' Sullivan,,Male,1992-01-29
Darryl,Gothard,,Male,1972-07-30
Silvano,Stanett,sstanett2r@home.pl,Male,1960-06-12
Jarrett,Grier,,Male,1969-01-23
Kurtis,Balf,kbalf2t@uiuc.edu,Male,1963-05-04
Ranique,Sheehan,rsheehan2u@pcworld.com,Female,1963-03-19
Wainwright,Doddrell,,Male,1999-09-17
Augie,Bambrugh,abambrugh2w@mediafire.com,Male,1991-06-13
Clementius,Bernardotti,cbernardotti2x@quantcast.com,Male,1961-02-23
Joanie,Junkin,jjunkin2y@ning.com,Female,1969-06-30
Natassia,Lourenco,nlourenco2z@posterous.com,Female,1990-01-16
Eli,Orrum,eorrum30@cbslocal.com,Male,1963-05-22
Anabel,Lory,,Female,1985-11-22
Maressa,Mugg,mmugg32@youtu.be,Female,1994-09-16
Clarine,Minster,,Female,1993-06-06
Ellsworth,Sinnocke,esinnocke34@fc2.com,Male,1970-05-26
Budd,Spawell,bspawell35@qq.com,Male,1988-12-13
Cullen,Lochhead,clochhead36@fda.gov,Male,1991-12-12
Welch,Hawarden,whawarden37@ocn.ne.jp,Male,1984-10-01
Edik,Privett,eprivett38@google.fr,Male,1998-02-16
Davin,Maypes,,Male,1977-11-06
Kimberlee,Witterick,kwitterick3a@cmu.edu,Female,1994-11-18
Karla,Wybern,kwybern3b@multiply.com,Female,1977-11-06
Callean,Spurgin,cspurgin3c@jugem.jp,Male,1997-10-11
Korey,Kerrigan,kkerrigan3d@sciencedirect.com,Male,1990-03-25
Currey,Ingrem,cingrem3e@oaic.gov.au,Male,1995-09-24
Murry,Tytherton,mtytherton3f@lycos.com,Male,1998-03-15
Barry,O'Harney,,Female,1985-10-12
Agata,Dzenisenka,,Female,1998-06-16
Candice,Thornbarrow,cthornbarrow3i@1und1.de,Female,1971-06-22
Kile,Leil,,Male,1965-04-30
Caddric,Binden,,Male,1978-06-23
Danna,Aldous,daldous3l@cloudflare.com,Female,1984-10-12
Shoshanna,Ubanks,,Female,1995-12-26
Duncan,Sholem,dsholem3n@lulu.com,Male,1979-10-31
Vyky,Abreheart,vabreheart3o@blogger.com,Female,1971-08-13
Carry,Kleinsmuntz,,Female,1966-01-07
Amity,Tutill,atutill3q@e-recht24.de,Female,1977-09-22
Dominik,Mordacai,dmordacai3r@time.com,Male,1975-11-13
Wilma,Ghidelli,,Female,1967-05-07
Pietrek,Stickells,pstickells3t@yandex.ru,Male,1997-07-07
Consuela,Salman,csalman3u@example.com,Female,1973-07-01
Wolfgang,Braams,wbraams3v@xinhuanet.com,Male,1977-09-18
Evita,Shalcras,,Female,1961-06-27
Matthus,Freezor,,Male,1966-03-04
Rolland,Gynn,rgynn3y@house.gov,Male,1964-09-28
Veda,Penticost,vpenticost3z@t.co,Female,1996-04-18
Durante,Peal,dpeal40@sohu.com,Male,1985-06-04
Juliane,McCaughran,jmccaughran41@comsenz.com,Female,1960-09-16
Arthur,McMylor,amcmylor42@ifeng.com,Male,1982-07-17
Silvanus,Coldtart,,Male,1987-06-23
Ber,Dungee,,Male,1981-03-31
Brynna,Copcott,bcopcott45@apple.com,Female,1966-04-12
Giffie,Danahar,,Male,1989-08-11
Carolann,McPhelim,cmcphelim47@linkedin.com,Female,1989-01-17
Antin,Meron,ameron48@sohu.com,Male,1982-06-22
Fredrick,Haisell,,Male,1996-01-03
Evangelina,Gooley,,Female,1975-11-06
Ethelbert,Bennis,ebennis4b@skyrock.com,Male,1989-04-16
Tirrell,Chiddy,tchiddy4c@unesco.org,Male,1983-10-29
Stacee,O'Fogerty,sofogerty4d@omniture.com,Male,1971-07-13
Danyelle,GiacobbiniJacob,,Female,1987-02-14
Harry,Petriello,hpetriello4f@bigcartel.com,Male,1991-07-04
Emery,Lowder,,Male,1984-06-02
Wakefield,Trulock,wtrulock4h@opera.com,Male,1984-10-24
Geneva,Luce,gluce4i@w3.org,Female,1984-06-04
Sioux,Bompas,,Female,1992-09-21
Marylinda,Seebert,mseebert4k@wp.com,Female,1993-04-18
Maurita,Spurdle,,Female,1975-07-15
Joella,Hadwick,jhadwick4m@meetup.com,Female,1985-09-26
Jemimah,Pods,,Female,1987-03-28
Marrissa,Bim,,Female,1970-03-22
Boy,Flux,,Male,1987-05-27
Hilary,Royse,hroyse4q@trellian.com,Female,1993-05-04
Fae,Keunemann,,Female,1963-11-09
Raven,Iskowitz,riskowitz4s@prweb.com,Female,1990-09-07
Melonie,Cultcheth,mcultcheth4t@un.org,Female,1987-05-27
Obie,Brodest,obrodest4u@fc2.com,Male,1997-07-06
Blair,O'Fairy,bofairy4v@storify.com,Male,1987-03-30
Dotti,Shilling,dshilling4w@nytimes.com,Female,1994-01-23
Malinda,Vargas,,Female,1962-05-25
Faun,Randalston,frandalston4y@merriam-webster.com,Female,1995-11-05
Wiley,Hazart,,Male,1994-05-21
Alethea,Gallop,,Female,1982-01-02
Eolanda,Josephs,ejosephs51@linkedin.com,Female,1991-06-14
Danyette,Halwell,dhalwell52@cbsnews.com,Female,1992-10-01
Farlie,Dechelette,fdechelette53@netvibes.com,Male,1992-06-06
Mahmoud,Gwynne,mgwynne54@squarespace.com,Male,1963-03-27
Lilyan,Riping,lriping55@imdb.com,Female,1965-10-01
Birch,Menhci,bmenhci56@exblog.jp,Male,1985-02-20
Adolpho,Halvosen,,Male,1991-12-14
Eda,Carren,ecarren58@amazon.com,Female,1971-05-24
Prentiss,Prandoni,pprandoni59@engadget.com,Male,1994-05-06
Bobbette,Cranshaw,,Female,1973-08-20
Burg,Avon,bavon5b@trellian.com,Male,1983-05-19
Corbet,Cavill,ccavill5c@ed.gov,Male,1975-05-12
Wendeline,Carlill,wcarlill5d@myspace.com,Female,1999-04-04
Carolus,Drohane,cdrohane5e@amazon.co.jp,Male,1964-03-26
Jdavie,Hyam,jhyam5f@fema.gov,Male,1961-07-26
Lilas,Birrell,,Female,1987-06-17
Dora,Privett,,Female,1988-06-16
Aubert,Doudny,,Male,1960-06-07
West,Mullord,wmullord5j@ovh.net,Male,1967-05-18
Bari,McGurn,bmcgurn5k@berkeley.edu,Female,1975-06-25
Jakob,Dearell,jdearell5l@weebly.com,Male,1983-09-16
Dorothy,Eisikovitsh,,Female,1986-10-17
Vivi,Richin,,Female,1962-05-29
Burk,Hackford,bhackford5o@nationalgeographic.com,Male,1988-06-14
Dody,Wonter,dwonter5p@blogspot.com,Female,1974-03-21
Roscoe,Ohrtmann,rohrtmann5q@zimbio.com,Male,1992-03-29
Jayme,Stannas,,Male,1977-06-01
Glad,Lighterness,,Female,1979-10-10
Goldie,Rival,grival5t@hugedomains.com,Female,1977-11-20
Kerrill,Thominga,kthominga5u@rediff.com,Female,1991-11-30
Phil,Pemberton,ppemberton5v@quantcast.com,Female,1978-05-13
Arda,Shotton,ashotton5w@issuu.com,Female,1986-12-01
Dallas,Markovich,,Male,1986-09-12
Candra,Woollons,cwoollons5y@columbia.edu,Female,1996-10-04
Lay,Gerckens,,Male,1971-03-23
Cornell,Bozward,cbozward60@nasa.gov,Male,1998-05-05
Ennis,Gagin,egagin61@123-reg.co.uk,Male,1962-06-24
Marlon,Blayd,,Male,1984-09-19
Vonny,Spellward,vspellward63@accuweather.com,Female,1962-06-27
Sibel,Idwal Evans,sidwalevans64@tuttocitta.it,Female,1963-08-29
Marvin,Rumin,,Male,1987-11-16
Carney,Stanborough,cstanborough66@chicagotribune.com,Male,1970-11-07
Glennie,Espie,gespie67@youku.com,Female,1961-01-05
Gabrila,Goligher,ggoligher68@ycombinator.com,Female,1979-08-14
Noreen,Maffioletti,nmaffioletti69@drupal.org,Female,1964-12-17
Margette,Arthurs,marthurs6a@chronoengine.com,Female,1960-11-07
Rudolf,Scafe,rscafe6b@forbes.com,Male,1965-06-05
Brook,Eccleston,beccleston6c@scribd.com,Male,1964-06-27
Devinne,Jurries,djurries6d@blogspot.com,Female,1984-05-03
Blanch,Laneham,blaneham6e@cpanel.net,Female,1961-09-15
Kalila,Summerhayes,ksummerhayes6f@nyu.edu,Female,1976-12-30
Drusi,Stevenson,dstevenson6g@clickbank.net,Female,1999-03-17
Emmett,Pierro,,Male,1968-01-15
Tammy,McAulay,tmcaulay6i@google.ca,Female,1967-03-13
Cosimo,Papen,,Male,1982-03-31
Koressa,Adenet,,Female,1980-10-21
Mufi,Bernhardi,mbernhardi6l@nydailynews.com,Female,1997-11-23
Minda,Tamsett,,Female,1971-01-11
Jemie,Woolam,jwoolam6n@istockphoto.com,Female,1965-10-19
Tobi,Drakers,tdrakers6o@harvard.edu,Female,1986-08-21
Shannan,Olivazzi,solivazzi6p@jigsy.com,Male,1969-02-04
Deloria,Giabuzzi,dgiabuzzi6q@g.co,Female,1968-02-04
Janessa,Tither,jtither6r@phoca.cz,Female,1969-11-26
Nettle,Vouls,nvouls6s@naver.com,Female,1991-11-22
Cynthea,Conybear,cconybear6t@goo.gl,Female,1971-09-04
Brigham,Catonne,,Male,1998-06-07
Darius,Olland,dolland6v@ucoz.ru,Male,1970-08-18
Helge,O' Connell,hoconnell6w@artisteer.com,Female,1993-03-21
Sayre,Pinare,,Female,1980-05-01
Shelly,Trusler,strusler6y@eepurl.com,Female,1996-10-30
Avigdor,Regis,aregis6z@admin.ch,Male,1987-06-08
Luis,Fenck,lfenck70@addtoany.com,Male,1998-12-06
Myrle,Dishmon,mdishmon71@marriott.com,Female,1961-03-24
Itch,Motherwell,imotherwell72@uiuc.edu,Male,1998-04-13
Gerry,Reedick,greedick73@blogs.com,Male,1983-10-08
Helge,Bullene,hbullene74@dagondesign.com,Female,1981-04-20
Jeana,Hatherall,,Female,1966-09-20
Colan,Brennen,cbrennen76@usa.gov,Male,1998-07-12
Israel,Barehead,,Male,1991-01-15
Selinda,Le land,sleland78@skype.com,Female,1992-04-13
Mada,Kellart,mkellart79@canalblog.com,Female,1976-12-15
Sybilla,Jimes,,Female,1966-02-24
Ann,Stuckford,astuckford7b@topsy.com,Female,1998-05-03
Drud,Worts,dworts7c@ox.ac.uk,Male,1960-10-15
Belva,Wandrich,bwandrich7d@nps.gov,Female,1982-10-24
Crawford,Pinsent,cpinsent7e@senate.gov,Male,1980-04-06
Thorsten,Rawlinson,,Male,1977-09-17
Nat,Tatershall,ntatershall7g@cbc.ca,Male,1985-02-13
Harli,Carletti,,Female,1982-10-28
Pat,Bithell,pbithell7i@ihg.com,Male,1972-03-31
Briny,Duffield,bduffield7j@mapy.cz,Female,1967-01-16
Lou,McKennan,lmckennan7k@blog.com,Female,1988-03-14
Glynis,Ebden,gebden7l@unesco.org,Female,1963-01-20
Ermentrude,Blasl,,Female,1962-04-12
Sanson,Mordie,,Male,1989-03-15
Vitoria,Sketcher,vsketcher7o@nationalgeographic.com,Female,1965-07-17
Rhianna,Favel,rfavel7p@wikispaces.com,Female,1970-08-15
Ronnie,Braidwood,rbraidwood7q@cbsnews.com,Female,1983-05-25
Reece,Convery,rconvery7r@msn.com,Male,1961-05-28
Penelope,Westgarth,pwestgarth7s@cyberchimps.com,Female,1965-04-12
Dominique,Severy,,Male,1987-12-26
Harmonie,Batrop,,Female,1990-11-24
Raff,Reignould,,Male,2000-01-08
Isidro,Willgoss,iwillgoss7w@cdc.gov,Male,1964-08-13
Robers,Alltimes,ralltimes7x@taobao.com,Male,2000-02-17
Hewet,Maycey,,Male,1976-12-05
Alphonse,Hutt,ahutt7z@typepad.com,Male,1974-09-06
Osmond,Kidstoun,okidstoun80@behance.net,Male,1982-04-12
Leroi,Shufflebotham,,Male,1976-11-20
Ethe,Giacomozzo,,Male,1968-03-07
Vyky,Iscowitz,,Female,1998-09-09
Clea,Croux,ccroux84@marriott.com,Female,1986-11-02
Katleen,Michal,kmichal85@mozilla.org,Female,1980-01-23
Ferne,De Laci,fdelaci86@spiegel.de,Female,1996-05-03
Henrieta,Ferrolli,hferrolli87@canalblog.com,Female,1998-03-28
Honey,Le Leu,,Female,1990-08-05
Perceval,Cawkwell,,Male,1989-02-12
Carlotta,Puddle,cpuddle8a@example.com,Female,1982-08-02
Fax,Anthon,fanthon8b@feedburner.com,Male,1981-02-21
Ellswerth,de Grey,edegrey8c@slate.com,Male,1965-10-22
Hersch,Freemantle,hfreemantle8d@yellowbook.com,Male,1971-08-31
Daniela,Prestner,dprestner8e@nba.com,Female,1977-04-27
Preston,Matton,pmatton8f@census.gov,Male,1961-06-08
Shannon,Attaway,sattaway8g@hugedomains.com,Male,1964-08-30
Brett,Duell,,Female,1991-01-24
Cookie,Hamby,,Female,1990-09-26
Cathie,Goldberg,cgoldberg8j@patch.com,Female,1985-10-22
Florencia,Clears,,Female,1969-07-22
Cristi,Dovidaitis,cdovidaitis8l@ca.gov,Female,1981-06-24
Kathleen,Quene,,Female,1987-01-24
Carolynn,Sanches,csanches8n@utexas.edu,Female,1980-12-18
Sybilla,Vanyushin,,Female,1969-10-03
Leora,Critcher,,Female,1962-03-28
Pattin,Delamaine,pdelamaine8q@narod.ru,Male,1972-07-06
Roz,Samworth,rsamworth8r@freewebs.com,Female,1993-02-08
Karyn,Stranger,,Female,1978-08-05
Elmer,Wingate,,Male,1996-04-10
Syman,Uzielli,,Male,1960-05-28
Jorrie,Davidman,,Female,1971-11-28
Ophelia,De Carlo,odecarlo8w@blogger.com,Female,1972-04-24
Jsandye,Oldcote,joldcote8x@4shared.com,Female,1984-03-30
Jerrie,Kyne,jkyne8y@tripadvisor.com,Female,1978-02-06
Giorgi,Lassey,glassey8z@home.pl,Male,1990-05-25
Anjanette,D'Oyley,adoyley90@google.com,Female,1975-07-19
Cleavland,Roust,croust91@smugmug.com,Male,1964-01-17
Kristopher,Sowrah,ksowrah92@unicef.org,Male,1985-04-02
Shaun,McCrea,,Female,1974-06-24
Ardith,Muffett,amuffett94@reddit.com,Female,1991-08-29
Aleece,Kerkham,akerkham95@altervista.org,Female,1993-07-21
Cal,Kleinberer,ckleinberer96@rediff.com,Male,1985-09-24
Read,Cardinal,,Male,1989-11-10
Dennis,Gypson,,Male,1997-09-23
Cori,Castilljo,ccastilljo99@com.com,Male,1969-05-14
Julita,Beverstock,,Female,1983-03-27
Joanne,Gettens,jgettens9b@census.gov,Female,1999-09-27
Aubrette,Guiraud,aguiraud9c@reddit.com,Female,1972-07-23
Johnna,Fomichyov,jfomichyov9d@list-manage.com,Female,1975-09-17
Redd,Polet,rpolet9e@livejournal.com,Male,1984-10-31
Thomasin,Woodings,,Female,1974-10-20
Reinhold,Boss,,Male,1975-04-26
Katey,Nasi,,Female,1995-01-08
Wood,Gaythwaite,wgaythwaite9i@prlog.org,Male,1971-12-12
Guillaume,Verchambre,gverchambre9j@baidu.com,Male,1989-05-27
Jacki,Rodliff,jrodliff9k@printfriendly.com,Female,1983-07-09
Annalee,Bodd,abodd9l@cbsnews.com,Female,1975-02-03
Brittany,Senior,,Female,1973-03-29
Tedd,Tucknott,ttucknott9n@nytimes.com,Male,1974-12-17
Chrisy,Northleigh,,Male,1979-11-23
Godiva,Rowell,growell9p@cyberchimps.com,Female,1964-06-20
Ninnette,Coey,ncoey9q@java.com,Female,1961-12-17
Irwinn,Fasler,,Male,1960-10-05
Nickolai,Devorill,ndevorill9s@timesonline.co.uk,Male,1971-12-18
Bradford,Janson,,Male,1994-04-12
Ryun,Kaas,,Male,1985-10-13
Trueman,Slocket,,Male,1982-03-07
Forster,Schuelcke,fschuelcke9w@techcrunch.com,Male,1987-05-19
Rickie,Stormouth,rstormouth9x@1und1.de,Male,1980-12-28
Elane,Bartosinski,ebartosinski9y@mashable.com,Female,1999-09-16
Ginnie,Pavel,gpavel9z@alibaba.com,Female,1970-09-30
Hastings,Maevela,,Male,1981-04-03
Shae,McAlester,smcalestera1@ucoz.com,Male,1976-08-10
Nils,Penzer,,Male,1985-04-08
Caprice,Fosdike,cfosdikea3@youtube.com,Female,1993-03-22
Gwen,Aveling,,Female,1975-04-19
Christoffer,Lissaman,,Male,1994-12-10
Martainn,Sjostrom,msjostroma6@nps.gov,Male,1992-04-20
Townsend,Siemianowicz,,Male,1996-10-25
Bernadette,Quoit,,Female,1989-10-07
Raimundo,Garbert,rgarberta9@privacy.gov.au,Male,1976-04-08
Berti,MacIlhargy,,Male,1998-06-23
Fredra,Pringley,,Female,1980-11-27
Jackquelin,Bransgrove,,Female,1971-02-13
Averyl,Carillo,,Female,1994-07-10
Craggy,Docket,cdocketae@fotki.com,Male,1973-06-10
Norine,Chatainier,nchatainieraf@omniture.com,Female,1999-01-26
Angie,Daniel,adanielag@reuters.com,Female,1968-08-05
Genevra,Visco,,Female,1997-07-09
Danila,Ben-Aharon,,Female,1974-09-17
Ben,Trunchion,btrunchionaj@github.com,Male,1981-10-21
Elianore,Gaitley,egaitleyak@si.edu,Female,1969-02-19
Casey,Philps,,Female,1971-01-18
Dorothee,Bemlott,dbemlottam@soundcloud.com,Female,1988-03-15
Val,Kezar,vkezaran@macromedia.com,Female,1998-06-04
Mercedes,Gethouse,mgethouseao@barnesandnoble.com,Female,1989-11-24
Emmy,Moralis,emoralisap@answers.com,Female,1998-03-30
Remus,Sloss,,Male,1994-10-22
Sergeant,Patise,,Male,1988-04-18
Cyril,Zumbusch,czumbuschas@alibaba.com,Male,1973-06-21
Aubine,Coldwell,,Female,1994-10-27
Augustin,Dimock,adimockau@google.ru,Male,1974-12-24
Garnet,Ziemen,gziemenav@biblegateway.com,Female,1969-12-05
Holly-anne,Showers,,Female,1977-05-15
Roby,Tootin,,Female,1964-12-01
Stevena,Grey,sgreyay@desdev.cn,Female,1969-07-16
Sydney,Bunford,sbunfordaz@blog.com,Male,1971-09-23
Berte,Stallion,,Female,1964-03-10
Heywood,Yanne,,Male,1976-04-13
Ronni,Halso,rhalsob2@blogger.com,Female,1963-07-18
Dew,Barton,dbartonb3@addthis.com,Male,1987-03-11
Packston,Hebburn,phebburnb4@desdev.cn,Male,1988-04-23
Tildi,Barenski,,Female,1985-03-10
Gunter,deKnevet,gdeknevetb6@upenn.edu,Male,1976-02-24
Angelika,Ramelet,arameletb7@amazon.co.jp,Female,1997-08-06
Berni,Cromwell,,Female,1969-05-18
Mervin,Ortells,,Male,1991-06-09
Rosemary,Gingold,,Female,1961-07-11
Bob,Matches,bmatchesbb@tmall.com,Male,1990-02-06
Bibi,Zorzi,bzorzibc@cnn.com,Female,1971-06-04
Nanon,Pycock,npycockbd@about.com,Female,1967-10-07
Burnaby,Saill,,Male,1998-04-23
Aryn,Nind,anindbf@jalbum.net,Female,1971-07-04
Frans,Viall,fviallbg@howstuffworks.com,Male,1972-10-20
Will,Gillam,,Male,1974-04-10
Kinna,Lehrle,klehrlebi@wikia.com,Female,1988-05-05
Jakob,Leyshon,jleyshonbj@ask.com,Male,1965-03-16
Rudyard,Baudain,rbaudainbk@house.gov,Male,1993-12-14
Marita,Grosvener,mgrosvenerbl@washingtonpost.com,Female,1976-07-11
Kassey,Bamborough,,Female,1979-09-15
Anny,Clapp,aclappbn@bloglines.com,Female,1977-12-25
Myron,Rubinchik,,Male,1970-09-02
Carleen,Jayne,cjaynebp@mayoclinic.com,Female,1984-12-20
Nickie,Carlyle,ncarlylebq@wordpress.org,Male,1998-09-19
Willetta,Anfusso,wanfussobr@stanford.edu,Female,1983-09-26
Harman,Hasson,hhassonbs@google.nl,Male,1988-04-23
Wake,McMurty,,Male,1991-09-09
Reggy,Manners,rmannersbu@samsung.com,Male,1970-01-03
Titus,De Cristofalo,tdecristofalobv@mozilla.com,Male,1995-04-16
Harmonie,Lorinez,hlorinezbw@berkeley.edu,Female,1969-05-23
Barn,Reggiani,breggianibx@buzzfeed.com,Male,1977-12-02
Maynard,L'Hommeau,mlhommeauby@w3.org,Male,1960-08-25
Horatia,Habershon,hhabershonbz@salon.com,Female,1996-12-29
Clyde,Dimont,cdimontc0@jiathis.com,Male,1981-03-18
Claribel,Hassett,,Female,1989-07-18
Kennan,Karolczyk,,Male,1960-04-11
Mathe,Islip,mislipc3@studiopress.com,Male,1965-04-19
Dinny,Nuttey,,Female,1987-03-24
Kerianne,Tremoulet,ktremouletc5@purevolume.com,Female,1989-07-03
Phillipe,Entwistle,,Male,1962-03-16
Ash,Musprat,amuspratc7@ucoz.ru,Male,1965-07-08
Lyle,Robilart,lrobilartc8@europa.eu,Male,1990-04-12
Nataniel,Ferre,nferrec9@naver.com,Male,1972-06-09
Dianne,Nanelli,,Female,1961-08-17
Brooke,Bielfeldt,bbielfeldtcb@answers.com,Male,1982-11-02
Wendy,Dunstall,wdunstallcc@netlog.com,Female,1973-08-03
Annice,Jarrette,ajarrettecd@howstuffworks.com,Female,1997-06-10
Cloe,Fitzsymons,cfitzsymonsce@scientificamerican.com,Female,1968-08-06
Pollyanna,Mangon,,Female,1964-12-13
Chrisy,Foord,cfoordcg@discovery.com,Male,1985-10-23
Enoch,Dabernott,edabernottch@slate.com,Male,1961-01-13
Mauricio,O'Lenane,,Male,1961-09-11
Alisha,Mapletoft,amapletoftcj@51.la,Female,1978-02-27
Jacquenetta,Crichmer,jcrichmerck@examiner.com,Female,1975-02-08
Efrem,Steadman,esteadmancl@senate.gov,Male,1960-08-26
Annamarie,Abilowitz,,Female,1963-06-02
Sig,Burtonwood,sburtonwoodcn@washingtonpost.com,Male,1993-03-01
Nahum,Baildon,nbaildonco@godaddy.com,Male,1982-09-22
Katuscha,Poad,kpoadcp@un.org,Female,1984-04-24
Morey,Deware,mdewarecq@cnbc.com,Male,1989-06-13
Berkly,Halcro,bhalcrocr@phpbb.com,Male,1972-04-29
Kai,MacDermott,kmacdermottcs@goo.ne.jp,Female,1984-02-06
Merrili,Wayper,mwayperct@berkeley.edu,Female,1974-06-17
Nessie,Sawnwy,nsawnwycu@issuu.com,Female,1998-08-08
Vilma,Bartosik,vbartosikcv@ebay.co.uk,Female,1979-09-10
Leighton,Clowney,lclowneycw@princeton.edu,Male,1985-08-27
Salvatore,Kilian,,Male,1979-01-18
Colleen,Smallcomb,csmallcombcy@hatena.ne.jp,Female,1972-04-14
Novelia,Eastop,,Female,1996-04-25
Felicio,McKeefry,,Male,1982-08-26
Winnifred,Pavlik,wpavlikd1@techcrunch.com,Female,1975-07-08
Anica,Loughrey,aloughreyd2@amazon.com,Female,1972-01-20
Letisha,Hubbis,,Female,1977-01-13
Lida,Kuban,lkuband4@t.co,Female,1988-07-29
Neddy,Kemp,nkempd5@woothemes.com,Male,1986-01-07
Adel,Houlahan,,Female,1995-09-28
Tirrell,Towey,ttoweyd7@devhub.com,Male,1969-05-20
Corrina,Branche,,Female,1983-12-11
Alexi,Ogles,,Female,2000-03-20
Britteny,Gillaspy,,Female,1979-01-08
Boris,Vaudrey,bvaudreydb@cdbaby.com,Male,1995-10-06
Ellwood,Pettigree,epettigreedc@homestead.com,Male,1990-11-21
Keary,Jobson,kjobsondd@vkontakte.ru,Male,1961-05-07
Lorine,Salliss,lsallissde@soup.io,Female,1996-06-15
Tatum,Vize,,Female,1972-06-17
Feliks,Bucknall,,Male,1978-12-02
Frederic,Gottelier,fgottelierdh@hhs.gov,Male,1977-12-01
Mandi,Devonald,,Female,1970-10-23
Carolin,Birckmann,cbirckmanndj@google.es,Female,1996-01-28
Swen,Di Napoli,sdinapolidk@discuz.net,Male,1965-01-12
Johann,Scoon,jscoondl@canalblog.com,Male,1982-08-31
Barrie,Comsty,bcomstydm@indiegogo.com,Male,1982-08-02
Chilton,Capin,ccapindn@edublogs.org,Male,1963-04-25
Lonna,des Remedios,ldesremediosdo@msu.edu,Female,1970-09-11
Ody,Americi,oamericidp@goodreads.com,Male,1995-10-12
Donica,Tebald,dtebalddq@etsy.com,Female,1975-10-23
Katrinka,Roget,krogetdr@oracle.com,Female,1990-01-19
Devin,Vaskin,,Female,1993-03-02
Stuart,Pappin,spappindt@spiegel.de,Male,1999-03-18
Nev,Perotti,,Male,1998-07-17
Valaria,Basillon,,Female,1963-07-31
Bram,Reeds,breedsdw@xrea.com,Male,1987-10-11
Jasmine,Gemmell,jgemmelldx@shinystat.com,Female,1979-03-25
Hughie,Murphy,,Male,1980-11-02
Bank,Hicks,bhicksdz@statcounter.com,Male,1999-04-15
Valdemar,Caisley,vcaisleye0@constantcontact.com,Male,1998-12-18
Dacy,Puddin,dpuddine1@fastcompany.com,Female,1993-03-31
Clay,Sarginson,,Male,1999-10-23
Bunny,Willden,bwilldene3@china.com.cn,Female,1977-06-13
Sibby,Falks,sfalkse4@apache.org,Female,1976-05-27
Valentijn,Orange,vorangee5@freewebs.com,Male,1993-02-25
Alwin,Gumbley,agumbleye6@msu.edu,Male,1967-08-29
Roch,Shank,rshanke7@sina.com.cn,Female,1991-04-12
Gayel,Doerffer,gdoerffere8@usgs.gov,Female,1992-01-25
Jermain,Keenan,jkeenane9@ftc.gov,Male,1980-03-08
Marijn,Limon,,Male,1968-02-21
Jordan,Sinson,,Male,1969-09-14
Blisse,Dukesbury,bdukesburyec@dailymail.co.uk,Female,1995-08-01
Sandie,Drewson,sdrewsoned@toplist.cz,Female,1988-08-22
James,Harmer,jharmeree@chron.com,Male,1981-06-29
Meagan,Riehm,mriehmef@godaddy.com,Female,1974-10-20
Nani,Sterzaker,,Female,1991-06-01
Rosana,Evitts,revittseh@wiley.com,Female,1995-03-05
Myrwyn,Rame,,Male,1982-11-25
Dietrich,Cardenosa,dcardenosaej@nasa.gov,Male,1961-02-27
Lane,Merner,lmernerek@amazon.de,Male,1991-09-14
Alyda,O'Kennavain,aokennavainel@hibu.com,Female,1989-09-06
Albertine,Tregido,,Female,1990-09-17
Aviva,Walder,awalderen@surveymonkey.com,Female,1963-08-10
Burtie,Boxhall,bboxhalleo@dropbox.com,Male,1991-08-11
Ermentrude,Lamden,,Female,1963-11-14
Michel,Roomes,mroomeseq@businessweek.com,Male,1970-04-06
Hailey,D'eye,hdeyeer@cloudflare.com,Male,1989-05-05
Hew,Azemar,hazemares@opera.com,Male,1983-06-25
Ermina,Coulthard,ecoulthardet@altervista.org,Female,1971-08-04
Hirsch,Smeeth,hsmeetheu@gov.uk,Male,1988-04-20
Ondrea,Grason,ograsonev@friendfeed.com,Female,1998-01-19
Reynold,Ughetti,rughettiew@rakuten.co.jp,Male,1972-05-02
Noelani,Merrington,,Female,1979-02-05
Rozella,Grimme,rgrimmeey@domainmarket.com,Female,1967-02-24
Gregorius,Late,,Male,1988-07-13
Brandon,Noni,bnonif0@army.mil,Male,1965-09-18
Rania,Frain,rfrainf1@about.me,Female,1972-10-15
Nigel,Barneveld,nbarneveldf2@java.com,Male,1978-09-01
Tory,Hickford,,Female,1986-10-30
Lark,Rasch,lraschf4@bing.com,Female,1987-03-23
Clemmy,Dennett,cdennettf5@google.com.br,Male,1965-10-11
Amandie,Mingotti,amingottif6@earthlink.net,Female,1972-03-09
Kelwin,Plowell,kplowellf7@angelfire.com,Male,1975-03-20
Tully,Velden,,Male,1993-07-17
Fitzgerald,Faulconer,ffaulconerf9@netlog.com,Male,1998-06-19
Trent,Cookman,tcookmanfa@cam.ac.uk,Male,1992-09-12
Saleem,Muddle,,Male,1964-08-03
Mavis,Nerney,mnerneyfc@loc.gov,Female,1970-07-18
Bradan,Labern,,Male,1983-07-21
Bryon,Melior,bmeliorfe@4shared.com,Male,1986-04-12
Polly,Root,prootff@quantcast.com,Female,1989-11-23
Brigit,Crathern,bcrathernfg@guardian.co.uk,Female,1974-02-01
Jo,Morteo,jmorteofh@lycos.com,Female,1968-01-24
Giuseppe,Cauley,,Male,1996-10-12
Arron,Southcott,asouthcottfj@prweb.com,Male,1971-12-25
Rivi,Grizard,rgrizardfk@squidoo.com,Female,1967-04-10
Rozamond,Boyda,rboydafl@statcounter.com,Female,1987-01-20
Lisa,Dackombe,ldackombefm@arizona.edu,Female,1996-04-07
Fan,Paprotny,fpaprotnyfn@hubpages.com,Female,1977-06-10
Maribelle,McLellan,mmclellanfo@economist.com,Female,1969-03-12
Arda,Page,apagefp@purevolume.com,Female,1979-11-25
Jarrett,Gutans,jgutansfq@biglobe.ne.jp,Male,1976-05-31
Reilly,Killford,rkillfordfr@nps.gov,Male,1976-11-01
Dexter,Renshaw,drenshawfs@reference.com,Male,1972-10-16
Karleen,Manuel,kmanuelft@cam.ac.uk,Female,1971-04-23
Hersch,Petters,,Male,1985-07-08
Michal,Danjoie,,Male,1973-12-29
Alina,Gagin,,Female,1998-05-15
Tarra,Rosenbarg,trosenbargfx@ovh.net,Female,1986-11-19
Corie,Zolini,,Female,1979-06-27
Tobit,Orsay,torsayfz@com.com,Male,1960-12-13
Verge,Ekkel,vekkelg0@ask.com,Male,1989-11-07
Saxe,Nanninini,,Male,1997-10-18
Lemmy,Petrakov,lpetrakovg2@ebay.co.uk,Male,1988-06-21
Camel,Threadgold,,Female,1991-11-24
Loralyn,Hannen,,Female,1986-01-03
Free,Turfitt,,Male,1963-10-17
Taylor,Trivett,,Male,1960-04-27
Crysta,McDonough,cmcdonoughg7@furl.net,Female,1973-12-17
Barnebas,Wride,bwrideg8@ox.ac.uk,Male,1964-03-22
Roseann,Curwen,rcurweng9@gnu.org,Female,1985-07-18
Fidelity,Castanares,,Female,1991-02-09
Aristotle,Joslyn,ajoslyngb@ftc.gov,Male,1991-03-06
Linzy,MacCardle,lmaccardlegc@epa.gov,Female,1967-01-07
Geri,Geeves,ggeevesgd@bloglines.com,Female,1996-12-24
Abby,Calafato,acalafatoge@reuters.com,Male,1988-10-29
Greer,Antcliff,gantcliffgf@nasa.gov,Female,1975-03-08
Gabriella,Caughan,gcaughangg@geocities.com,Female,1960-10-12
Pall,Constantinou,pconstantinough@reference.com,Male,1961-11-15
Terese,Buddleigh,tbuddleighgi@tmall.com,Female,1973-11-04
Jonas,Loder,jlodergj@xinhuanet.com,Male,1967-10-12
Jermayne,Chrippes,jchrippesgk@amazon.de,Male,1981-12-02
Vlad,Ruusa,vruusagl@1688.com,Male,1981-09-17
Alberto,Tampin,atampingm@economist.com,Male,1973-10-13
Arly,Hosby,ahosbygn@columbia.edu,Female,1988-10-17
Candida,Braybrooks,cbraybrooksgo@disqus.com,Female,1976-10-20
Juieta,Breewood,jbreewoodgp@dropbox.com,Female,1986-10-22
Brigit,Flanner,bflannergq@npr.org,Female,1998-12-23
Dougy,McDougald,dmcdougaldgr@odnoklassniki.ru,Male,1986-11-02
Natalya,Lossman,nlossmangs@ycombinator.com,Female,1962-01-08
Lee,Blagburn,lblagburngt@feedburner.com,Female,1969-06-11
Garth,Lumley,glumleygu@icio.us,Male,1965-04-16
Gwyneth,Kernell,gkernellgv@independent.co.uk,Female,1985-07-01
Kahaleel,Arnowicz,karnowiczgw@desdev.cn,Male,1964-01-04
Benyamin,Coatman,bcoatmangx@wunderground.com,Male,1972-04-18
Rodolph,Mateev,rmateevgy@ycombinator.com,Male,1974-12-14
Abeu,Donizeau,,Male,1967-11-08
Tabbie,Mackison,tmackisonh0@bigcartel.com,Male,1962-05-06
Bailie,Crathern,bcrathernh1@cpanel.net,Male,1965-05-17
Ray,Gillbey,rgillbeyh2@craigslist.org,Female,1963-06-10
Jilleen,Benito,jbenitoh3@live.com,Female,1970-09-07
Eda,Rosenfelt,,Female,1987-07-11
Egor,Lartice,elarticeh5@chronoengine.com,Male,1991-10-28
Nathaniel,Fowles,nfowlesh6@clickbank.net,Male,1982-12-31
Patience,Beckinsale,,Female,1989-08-20
Pietro,Espinola,pespinolah8@google.com,Male,1984-01-27
Sydney,Fenech,,Female,1978-03-26
Meridel,Fulker,mfulkerha@engadget.com,Female,1996-10-10
Cati,Pavese,,Female,1980-01-05
Sherwynd,Williams,swilliamshc@sohu.com,Male,1971-09-01
Anne,Charlewood,acharlewoodhd@networkadvertising.org,Female,1960-07-19
Forest,Gain,fgainhe@studiopress.com,Male,1985-11-27
Marcello,Gomm,,Male,1985-05-20
Worthy,Romanetti,wromanettihg@prweb.com,Male,1965-01-08
Minnie,Pietruschka,mpietruschkahh@myspace.com,Female,1979-06-17
Latrena,Jambrozek,ljambrozekhi@slashdot.org,Female,1988-07-08
Wolfgang,Plant,wplanthj@cmu.edu,Male,1975-06-01
Faith,Neising,fneisinghk@chronoengine.com,Female,1992-08-19
Dun,Arpin,darpinhl@businessweek.com,Male,1960-09-16
Osborne,Goatman,ogoatmanhm@miitbeian.gov.cn,Male,1987-02-14
Adah,Salle,asallehn@unesco.org,Female,1989-01-29
Tybalt,O'Driscoll,todriscollho@goo.ne.jp,Male,1977-07-12
Francisco,Stanlack,fstanlackhp@sphinn.com,Male,2000-04-03
Daron,Jaye,djayehq@fda.gov,Male,1992-10-20
Basia,Trustrie,btrustriehr@i2i.jp,Female,1960-08-06
Ulric,Musto,umustohs@ca.gov,Male,1988-04-28
Allina,Levay,alevayht@cargocollective.com,Female,1997-04-29
Waiter,Ephson,wephsonhu@cmu.edu,Male,1989-10-15
Chauncey,Leemans,cleemanshv@simplemachines.org,Male,1983-04-14
Peria,Dews,pdewshw@mtv.com,Female,1968-03-25
Julee,Paget,jpagethx@t-online.de,Female,1963-10-19
Riane,Yanuk,ryanukhy@webs.com,Female,1972-12-13
Brant,Saterweyte,,Male,1996-06-05
Nils,Masurel,,Male,1988-11-09
Wendi,Jaslem,wjaslemi1@huffingtonpost.com,Female,1986-12-22
Jacquelynn,Beddard,jbeddardi2@dropbox.com,Female,1963-05-30
Tedd,Ridd,,Male,1999-06-21
Shermie,Freke,sfrekei4@homestead.com,Male,1987-12-06
Dov,Windram,dwindrami5@ihg.com,Male,1961-05-06
Peder,Ossipenko,possipenkoi6@altervista.org,Male,1968-09-23
Mill,Hawkridge,mhawkridgei7@livejournal.com,Male,1998-08-26
Jasper,Wignall,jwignalli8@uiuc.edu,Male,1986-01-25
Westbrooke,Mighele,wmighelei9@home.pl,Male,1976-03-07
Svend,Messom,smessomia@meetup.com,Male,1965-10-15
Marcy,Jeffcock,,Female,1989-11-09
Giulio,Haswall,ghaswallic@canalblog.com,Male,1986-05-10
Johnnie,Wadworth,,Male,1984-11-07
Bordie,Thicking,bthickingie@google.ca,Male,1994-09-28
Amalea,Moodie,amoodieif@360.cn,Female,1985-04-07
Rickie,Avis,,Female,1992-02-10
Gib,Demkowicz,gdemkowiczih@usa.gov,Male,1967-03-13
Constance,Mounfield,cmounfieldii@surveymonkey.com,Female,1978-12-13
Orlan,Cowser,ocowserij@quantcast.com,Male,1987-03-30
Delaney,Ronchka,,Male,1964-05-23
Sibylla,M'Chirrie,smchirrieil@un.org,Female,1973-10-20
Fawn,Hadcroft,fhadcroftim@statcounter.com,Female,1995-08-30
Asa,O'Kennedy,aokennedyin@t.co,Male,1989-10-11
Letty,Rickert,lrickertio@army.mil,Female,1978-02-13
Cirilo,Rohlfs,crohlfsip@ebay.com,Male,1971-04-01
Meggy,Dunphy,mdunphyiq@canalblog.com,Female,1968-10-31
Yance,Seeney,,Male,1989-09-14
Ardath,Tordiffe,,Female,1964-08-15
Shir,Ewens,,Female,1980-08-04
Isidoro,Mongeot,,Male,1980-01-10
Rosalyn,Chaloner,rchaloneriv@google.it,Female,1987-03-02
Daniela,Parkyn,dparkyniw@skype.com,Female,1970-10-28
Mamie,Stannion,mstannionix@opensource.org,Female,1981-09-09
Winfred,MacEllen,wmacelleniy@cocolog-nifty.com,Male,1997-12-04
Zaria,Boothby,zboothbyiz@nhs.uk,Female,1995-06-23
Kassie,Danilenko,,Female,1975-12-31
Julissa,Karpe,jkarpej1@google.pl,Female,1981-07-15
Phip,O'Fogerty,pofogertyj2@google.ca,Male,1992-02-08
Jermaine,Simione,jsimionej3@utexas.edu,Female,1970-08-14
Birch,Perring,bperringj4@usa.gov,Male,1998-03-07
Ambrosi,Karlowicz,akarlowiczj5@latimes.com,Male,1971-11-03
Ainslee,Matei,,Female,1994-11-22
Bertrando,Oller,,Male,1988-04-05
Brandy,Norwood,bnorwoodj8@webeden.co.uk,Female,1968-09-07
Gib,Winterborne,gwinterbornej9@scientificamerican.com,Male,1965-08-07
Audrye,Heliar,,Female,1981-09-08
Falkner,Derrell,,Male,1989-11-17
Di,Lambertazzi,dlambertazzijc@icio.us,Female,1986-03-22
Carena,Bernardotte,cbernardottejd@nytimes.com,Female,1966-03-15
Luther,Krop,lkropje@hatena.ne.jp,Male,1989-05-17
Cristen,Sogg,csoggjf@hp.com,Female,1977-06-14
Dorine,Ferrini,dferrinijg@live.com,Female,1969-09-12
Pavel,Louiset,plouisetjh@bing.com,Male,1984-11-27
Benyamin,Ullett,,Male,1995-05-22
Celesta,Figurski,,Female,1963-02-11
Yuri,Tithecote,ytithecotejk@cnbc.com,Male,1999-04-27
Sydney,Engel,sengeljl@a8.net,Male,1998-01-16
Analise,Lipman,alipmanjm@histats.com,Female,1963-07-21
Tabatha,Clemmitt,tclemmittjn@wiley.com,Female,1994-12-04
Isacco,Kilalea,,Male,1990-09-06
Cletis,Dudlestone,cdudlestonejp@seesaa.net,Male,1976-05-31
Kendrick,Braden,,Male,1966-11-22
Clara,Casson,ccassonjr@printfriendly.com,Female,1988-07-31
Emmalyn,Izat,eizatjs@arizona.edu,Female,1976-01-22
Sofie,Fairley,sfairleyjt@nifty.com,Female,1991-12-13
Linell,Haymes,,Female,1960-04-25
Donalt,Shimuk,dshimukjv@parallels.com,Male,1987-12-12
Clarence,Ludewig,,Male,1975-06-09
Colline,Stronge,,Female,1964-05-02
Caryl,Lawrance,,Female,1966-07-11
Sibel,Lawey,,Female,1971-09-15
Lyndy,Cottill,lcottillk0@nhs.uk,Female,1964-08-26
Isabella,Studdard,istuddardk1@xing.com,Female,1996-03-27
Neilla,Farnhill,nfarnhillk2@discovery.com,Female,1997-02-19
Viviene,Towey,vtoweyk3@nbcnews.com,Female,1971-09-01
Tirrell,Halle,thallek4@npr.org,Male,1971-01-23
Avrom,Chree,achreek5@opera.com,Male,1963-12-22
Mitchell,Kyllford,mkyllfordk6@google.cn,Male,1986-05-24
Delila,Andrejevic,dandrejevick7@about.com,Female,1976-06-10
Kingsly,Lindblad,klindbladk8@booking.com,Male,1970-03-19
Reynard,McErlaine,rmcerlainek9@geocities.com,Male,1962-07-17
Giselle,Beech,gbeechka@examiner.com,Female,1968-11-06
Maiga,McQuaker,,Female,1964-07-16
Abbie,Matthensen,amatthensenkc@state.tx.us,Female,1984-01-04
Letitia,Louth,,Female,1982-08-18
Ellsworth,Bramall,ebramallke@amazon.de,Male,1976-04-18
Oliver,Brauner,,Male,1963-09-17
Jamie,Snelgar,jsnelgarkg@netlog.com,Male,1991-01-16
Fey,Clayson,fclaysonkh@cbc.ca,Female,1978-01-08
Lilly,Squeers,lsqueerski@google.de,Female,1971-01-04
Anselm,Lamplugh,alamplughkj@cmu.edu,Male,1996-10-30
Colman,Ralphs,cralphskk@ox.ac.uk,Male,1981-07-01
Bartolemo,Remmer,bremmerkl@google.it,Male,1983-05-09
Guido,Vischi,gvischikm@diigo.com,Male,1979-04-11
Maurise,Cheeney,mcheeneykn@china.com.cn,Male,1987-06-09
Mercedes,Sidaway,,Female,1964-03-01
Dannie,Luparti,dlupartikp@nymag.com,Male,1978-10-30
Forbes,Sailor,,Male,1975-07-02
Ade,Addess,aaddesskr@sitemeter.com,Male,1988-04-20
Hedvig,Ugoletti,hugolettiks@eventbrite.com,Female,1964-02-27
Westbrooke,Swin,,Male,1981-09-03
Ravid,Nerheny,rnerhenyku@businessweek.com,Male,1997-01-30
Rorie,Snowball,rsnowballkv@webeden.co.uk,Female,1996-01-13
Octavia,Drissell,odrissellkw@pbs.org,Female,1983-10-04
Lorrie,Boolsen,lboolsenkx@nbcnews.com,Female,1998-08-17
Dennie,Sweatman,,Male,1965-10-22
Gaby,Yedall,gyedallkz@jimdo.com,Male,1994-07-05
Drusy,Korbmaker,,Female,1972-10-10
See,Fritchly,sfritchlyl1@deviantart.com,Male,1972-10-13
Janie,Goathrop,jgoathropl2@redcross.org,Female,1965-11-14
Dominic,Entres,,Male,1968-10-03
Dru,Glisenan,dglisenanl4@discovery.com,Male,1979-06-18
Wilbert,Lob,wlobl5@cpanel.net,Male,1992-06-17
Nollie,Tooting,ntootingl6@nyu.edu,Male,1996-09-19
Cleon,Isley,cisleyl7@tinyurl.com,Male,1979-10-19
Bartolemo,Larrosa,blarrosal8@bizjournals.com,Male,1994-08-21
Florida,Rutigliano,frutiglianol9@vk.com,Female,1990-05-24
Kimble,Botger,kbotgerla@intel.com,Male,1960-09-22
Virgil,Oriel,voriellb@pinterest.com,Male,1992-07-24
Ruddy,Kidstoun,rkidstounlc@sitemeter.com,Male,1970-08-13
Kale,Cavill,kcavillld@friendfeed.com,Male,1995-03-17
Dorey,Mac Giany,dmacgianyle@gmpg.org,Male,1975-06-18
Winthrop,Grishmanov,wgrishmanovlf@linkedin.com,Male,1998-06-06
Duke,Hurkett,,Male,1968-04-10
David,Lowdeane,dlowdeanelh@statcounter.com,Male,1983-08-27
Crichton,Benting,,Male,1982-06-19
Vernice,Spink,,Female,1993-12-19
Sherlocke,Meiklem,,Male,1999-01-05
Heywood,Whitsey,,Male,1994-03-17
Leola,Lidgey,llidgeylm@shinystat.com,Female,1962-10-15
Benjamin,Duncklee,bdunckleeln@skype.com,Male,1974-08-20
Emylee,Ludgate,eludgatelo@omniture.com,Female,1978-04-29
Giraldo,Romaynes,gromayneslp@omniture.com,Male,1984-03-31
Lion,Chantillon,lchantillonlq@sciencedirect.com,Male,1983-04-08
Carling,Treves,ctreveslr@sohu.com,Male,1995-05-27
Beau,Cotterell,bcotterellls@about.me,Male,1967-04-24
Ermina,Ribey,eribeylt@liveinternet.ru,Female,1982-08-09
Agosto,Fisbey,,Male,1997-09-20
Lyndsay,Rowth,lrowthlv@paginegialle.it,Female,1967-02-15
Jeromy,Castagnet,jcastagnetlw@tripod.com,Male,1984-02-04
Langsdon,Wickardt,lwickardtlx@yahoo.com,Male,1970-04-23
Louis,Rengger,lrenggerly@un.org,Male,1966-08-21
Yuma,Cornil,ycornillz@infoseek.co.jp,Male,1996-12-23
Averell,Fretwell,afretwellm0@wsj.com,Male,1961-02-11
Fenelia,Kensett,,Female,1988-03-31
Cathlene,Bynold,,Female,1966-07-25
Peg,Mattisssen,,Female,1969-09-27
Miriam,Kentish,mkentishm4@hubpages.com,Female,1990-07-06
Adlai,Hume,,Male,1987-01-03
Katine,Karolovsky,,Female,1965-11-07
Meade,Polye,mpolyem7@google.co.uk,Female,1972-05-11
Frankie,Bath,,Male,1975-11-05
Carolyne,Spivie,cspiviem9@biglobe.ne.jp,Female,1987-07-23
Marji,Tregido,mtregidoma@spotify.com,Female,1978-07-11
Sophie,Delong,sdelongmb@google.fr,Female,1983-12-02
Ailsun,Andrzejczak,,Female,1981-09-16
Daffi,Twatt,,Female,1975-12-24
Vinnie,Stentiford,,Female,1982-02-24
Wash,Rassell,wrassellmf@usda.gov,Male,1961-03-06
Alisander,Couling,acoulingmg@nps.gov,Male,1996-04-26
Nick,Hadenton,nhadentonmh@sun.com,Male,1973-08-29
Jaime,McCree,jmccreemi@hostgator.com,Female,1960-12-02
Helenka,Bairstow,,Female,1997-01-10
Chrystal,Whittuck,cwhittuckmk@uol.com.br,Female,1981-07-11
Pennie,O'Doherty,podohertyml@techcrunch.com,Female,1969-12-07
Earvin,O'Grady,eogradymm@tuttocitta.it,Male,1979-03-14
Myrah,Goly,mgolymn@example.com,Female,1978-12-12
Loreen,Philp,,Female,1996-12-16
Marianne,Pitkeathly,mpitkeathlymp@livejournal.com,Female,1960-04-12
Kirby,Smellie,ksmelliemq@ask.com,Female,1968-01-05
Cleon,Cremins,ccreminsmr@wired.com,Male,1973-10-29
Taber,Maytum,tmaytumms@stanford.edu,Male,1972-04-02
Ezechiel,O'Hogertie,eohogertiemt@aboutads.info,Male,1982-09-18
Arluene,McIllrick,amcillrickmu@de.vu,Female,2000-02-07
Loella,Ludvigsen,,Female,1960-10-02
Bertie,Colliver,bcollivermw@washington.edu,Male,1977-05-01
Sibeal,Girone,sgironemx@csmonitor.com,Female,1988-11-10
Dalia,Lafford,,Female,1975-06-18
Jeannine,Ingles,jinglesmz@studiopress.com,Female,1963-01-19
Irena,Ausello,iausellon0@forbes.com,Female,1990-01-19
Fee,Piggins,fpigginsn1@furl.net,Male,1965-02-07
Vinni,Newe,vnewen2@phpbb.com,Female,1988-02-03
Tony,Founds,tfoundsn3@printfriendly.com,Female,1971-03-16
Kerwin,Kendrick,kkendrickn4@hubpages.com,Male,1976-09-28
Jeff,Yelding,jyeldingn5@hud.gov,Male,1972-03-15
Ronda,Gilcriest,rgilcriestn6@multiply.com,Female,1995-09-30
Hayward,Turnpenny,,Male,1974-09-08
Benny,Bartaletti,bbartalettin8@sciencedaily.com,Female,1995-05-13
Ralf,Ruddick,,Male,1992-07-02
Vina,Colleran,vcolleranna@cnet.com,Female,1976-06-05
Mariquilla,Crichton,,Female,1990-12-10
Britni,Dillamore,,Female,1987-07-19
Sarge,Paynes,spaynesnd@zimbio.com,Male,1963-01-09
Wandis,Aimer,,Female,1972-04-26
Amalie,Maylor,amaylornf@surveymonkey.com,Female,1982-03-16
Eleen,Garmston,egarmstonng@shop-pro.jp,Female,1993-10-24
Selina,Dahlborg,,Female,1993-05-29
Micheal,Bes,mbesni@phoca.cz,Male,1992-01-23
Alon,Gonzalvo,agonzalvonj@weather.com,Male,1984-01-03
Darrel,Tempest,dtempestnk@bandcamp.com,Male,1976-01-21
Zara,Killingworth,zkillingworthnl@com.com,Female,1960-05-31
Teodorico,Lebarree,,Male,1978-12-16
Carson,Spittall,cspittallnn@cmu.edu,Male,1989-09-09
Karleen,Leyden,kleydenno@imdb.com,Female,1961-05-22
Ninetta,Kmicicki,,Female,1991-05-12
Teddie,McIlmorow,tmcilmorownq@bluehost.com,Male,1979-11-06
Coralyn,Earngy,cearngynr@yahoo.com,Female,2000-02-27
Phillida,Windibank,pwindibankns@printfriendly.com,Female,1973-02-04
Courtnay,Diglin,,Male,1973-04-14
Reinhold,Hulson,,Male,1979-08-22
Ellynn,Busfield,ebusfieldnv@github.com,Female,1978-08-24
Kameko,Armes,karmesnw@techcrunch.com,Female,1996-05-28
Egan,Spilsburie,,Male,1961-06-27
Rod,Stallen,rstallenny@wordpress.com,Male,1985-11-27
Giustina,Kolinsky,,Female,1999-10-22
Ax,Danett,adanetto0@posterous.com,Male,1981-02-14
Wadsworth,Boner,,Male,1990-03-18
Matelda,Danes,mdaneso2@nature.com,Female,1964-06-28
Ardyth,Craddock,,Female,1991-03-05
Marcella,Hannent,mhannento4@cargocollective.com,Female,1973-07-10
Nikolai,Riediger,,Male,1994-06-21
Ketty,Grinley,kgrinleyo6@nba.com,Female,1974-09-15
Frayda,Fedoronko,,Female,1966-06-12
Ara,Chenery,acheneryo8@skyrock.com,Male,1992-05-16
Zebulon,Behrendsen,zbehrendseno9@aol.com,Male,1995-09-30
Enoch,Waliszek,,Male,1972-02-02
Ruby,Deuss,rdeussob@elpais.com,Female,1981-03-02
Siffre,Stoate,sstoateoc@163.com,Male,1970-01-24
Hollie,Secret,,Female,1978-06-05
Wally,Clynman,,Female,1964-02-07
Deny,Gosselin,,Female,1970-11-13
Alain,Boog,aboogog@plala.or.jp,Male,1986-09-03
Galven,Moran,gmoranoh@wired.com,Male,1994-08-02
Lauree,Galle,lgalleoi@ibm.com,Female,1966-10-21
Alexis,Sappson,asappsonoj@shareasale.com,Female,1987-11-09
Rustin,Ardern,rardernok@yolasite.com,Male,1982-04-30
Karia,Boullin,kboullinol@qq.com,Female,1998-01-22
Kendra,Sowley,ksowleyom@newyorker.com,Female,1989-07-14
Callida,Hayth,chaython@aboutads.info,Female,1973-09-17
Bobbie,Piggot,bpiggotoo@de.vu,Male,1995-04-29
Mel,Lanphier,mlanphierop@sohu.com,Male,1969-05-17
Harley,Stephens,,Female,1965-11-08
Thayne,Clardge,,Male,1997-12-12
Terra,Ricardou,tricardouos@privacy.gov.au,Female,1970-09-14
Hermie,Emanuelli,hemanuelliot@wp.com,Male,1961-11-21
Lem,Tinton,ltintonou@fastcompany.com,Male,1997-12-05
Maye,Riddle,mriddleov@hud.gov,Female,1988-01-08
Portie,Boame,pboameow@i2i.jp,Male,1976-02-28
Trueman,Farlamb,,Male,1994-11-30
Erma,Dyhouse,,Female,1974-02-20
Shalne,Pullar,spullaroz@usatoday.com,Female,1984-02-23
Flory,Cotton,fcottonp0@histats.com,Male,1971-02-12
Odell,Backs,obacksp1@amazon.co.uk,Male,1984-01-05
Quillan,Greenan,qgreenanp2@techcrunch.com,Male,1989-09-10
Izzy,Aguirrezabal,iaguirrezabalp3@ed.gov,Male,1997-09-19
Jone,Steinhammer,jsteinhammerp4@godaddy.com,Male,1982-04-04
Maggy,McNeilly,,Female,1987-03-09
Juliann,Ludron,jludronp6@npr.org,Female,1965-02-14
Morganne,Hintzer,mhintzerp7@census.gov,Female,1985-01-03
Francois,Bariball,,Male,1967-01-26
Constance,Ingram,cingramp9@psu.edu,Female,1969-05-15
Edmon,Roycroft,eroycroftpa@so-net.ne.jp,Male,1999-11-09
Gregg,Sweynson,,Male,1968-02-27
Rudyard,Ormrod,rormrodpc@utexas.edu,Male,1982-08-20
Gregoire,Ambrogini,,Male,1979-02-14
Heall,Raff,,Male,1966-01-07
Greta,Streeting,gstreetingpf@shareasale.com,Female,1966-03-10
Morten,Killiner,mkillinerpg@elpais.com,Male,1995-11-19
Rossy,Jozwicki,rjozwickiph@adobe.com,Male,1961-11-13
Cosimo,Calleja,,Male,1964-07-24
Tierney,Becerro,tbecerropj@sun.com,Female,1980-07-26
Codi,Davydochkin,cdavydochkinpk@liveinternet.ru,Female,1978-09-04
Dewitt,Andrelli,,Male,1989-10-31
Trip,Josephson,tjosephsonpm@earthlink.net,Male,1983-06-20
Shalne,Weigh,sweighpn@jimdo.com,Female,1988-03-02
Jenny,Smelley,,Female,1997-09-25
Edmon,Carren,,Male,1983-10-03
Janifer,Tinsey,,Female,1964-12-14
Merna,Buckingham,,Female,1998-02-05
Clary,Yabsley,cyabsleyps@domainmarket.com,Female,1983-09-09
Earlie,Huelin,,Male,1971-10-17
Galven,Pasmore,gpasmorepu@google.fr,Male,1995-10-26
Otto,Besnardeau,,Male,1990-10-04
Hilary,Pybus,,Female,1990-08-22
Ingram,Sheridan,isheridanpx@walmart.com,Male,1979-10-22
Fran,Cianelli,fcianellipy@gizmodo.com,Male,1966-10-22
Aida,Starrs,astarrspz@unesco.org,Female,1971-07-30
Donny,Dongate,ddongateq0@sbwire.com,Male,1961-02-06
Osbourn,Shambrook,,Male,1999-09-15
Krista,Chasteney,,Female,1967-03-25
Andres,Ivanaev,aivanaevq3@seattletimes.com,Male,1969-09-11
Henry,Matuszak,hmatuszakq4@accuweather.com,Male,1983-07-20
Rebbecca,Ledwich,,Female,1969-01-11
Vernon,Klimaszewski,,Male,1999-10-13
Pammy,Nicol,pnicolq7@sohu.com,Female,1966-04-14
Percival,Tipton,ptiptonq8@upenn.edu,Male,1999-04-03
Halli,Simeoli,,Female,1969-11-15
Joela,Auston,jaustonqa@go.com,Female,1972-12-19
Haily,Coverley,hcoverleyqb@slate.com,Male,1973-02-15
Cornall,Garey,cgareyqc@vistaprint.com,Male,1997-11-16
Maynord,Hawkins,,Male,1972-09-08
Sara-ann,Scarlin,sscarlinqe@tamu.edu,Female,1993-06-18
Walliw,Huot,whuotqf@indiatimes.com,Female,1965-06-21
Margaux,Howman,mhowmanqg@globo.com,Female,1980-04-16
Concordia,Craufurd,ccraufurdqh@privacy.gov.au,Female,1968-11-02
Margarette,Exley,,Female,1984-01-20
Jacquelin,Hechlin,jhechlinqj@cloudflare.com,Female,1998-08-16
Jacqueline,Birdwhistell,jbirdwhistellqk@yelp.com,Female,1981-08-12
Madelon,Lawley,,Female,1964-08-31
Dusty,Aingell,daingellqm@princeton.edu,Female,1963-12-19
Georgi,Hardy-Piggin,,Male,1980-06-22
Prisca,Vivien,pvivienqo@cbsnews.com,Female,1988-01-19
Nerty,Blasiak,nblasiakqp@icq.com,Female,1968-05-12
Timothy,Kleinstern,tkleinsternqq@independent.co.uk,Male,1966-12-18
Samara,Stoggell,sstoggellqr@guardian.co.uk,Female,1984-12-16
Idette,Fortoun,ifortounqs@cpanel.net,Female,1974-07-06
Valencia,Adhams,vadhamsqt@pen.io,Female,1996-05-03
Warden,Doohan,wdoohanqu@uol.com.br,Male,1997-04-25
Karlan,Kirby,,Male,1976-08-09
Yank,Brunsden,ybrunsdenqw@paginegialle.it,Male,1980-05-22
Koralle,Caiger,,Female,1984-03-12
Judith,Staries,jstariesqy@diigo.com,Female,1977-02-24
Reggy,Kemp,,Male,1998-06-11
Libbie,Vedishchev,lvedishchevr0@g.co,Female,1964-02-07
Juline,Smerdon,,Female,1991-12-11
Iseabal,Laurenzi,ilaurenzir2@prweb.com,Female,1970-01-20
Kaila,Freen,kfreenr3@ucsd.edu,Female,1997-09-25
Nanice,Matic,nmaticr4@army.mil,Female,1987-09-28
Trina,Libby,tlibbyr5@hibu.com,Female,1989-11-04
Alyosha,Agge,aagger6@businesswire.com,Male,1994-08-26
Jud,Dows,jdowsr7@ask.com,Male,1993-09-12
Charity,Ewenson,cewensonr8@oracle.com,Female,1989-01-14
Pauletta,Bernardelli,pbernardellir9@blinklist.com,Female,1995-07-10
Herschel,Bafford,,Male,1994-08-09
Corrine,Saull,,Female,1966-03-06
Udell,Andrelli,uandrellirc@artisteer.com,Male,1985-09-03
Jim,Balshaw,,Male,1997-09-10
Mitchell,McMorland,mmcmorlandre@soundcloud.com,Male,1973-09-10
Stillman,Brokenshaw,sbrokenshawrf@accuweather.com,Male,1973-12-11
Zollie,Riediger,zriedigerrg@so-net.ne.jp,Male,1960-06-15
Zsa zsa,McCoy,,Female,1987-02-12
Xylia,McDonand,xmcdonandri@sun.com,Female,1964-03-27
Marjory,Lehrmann,mlehrmannrj@ovh.net,Female,1974-05-04
Shandee,Gercke,,Female,1988-09-20
Jackelyn,Pavlata,,Female,1996-11-08
Lyn,Wickes,lwickesrm@wp.com,Male,1986-01-01
Randi,Drust,,Male,1998-10-29
Berk,Tucknott,btucknottro@qq.com,Male,1972-04-18
Darlleen,Noke,,Female,1985-08-21
Talbert,Halpeine,thalpeinerq@360.cn,Male,1961-12-17
Verla,Starr,vstarrrr@google.de,Female,1974-08-30
