first_name,last_name,email,gender,dob
Gardy,Pollastro,gpollastro0@uol.com.br,Male,1980-08-19
Lev,Bosnell,lbosnell1@ftc.gov,Male,1992-02-14
Marilee,McMyler,mmcmyler2@rakuten.co.jp,Female,1972-01-15
Sherri,Wolvey,swolvey3@apple.com,Female,1995-02-07
Babara,Grumbridge,bgrumbridge4@digg.com,Female,1987-03-17
Alastair,St. John,astjohn5@discovery.com,Male,1964-10-21
Spencer,Gamet,,Male,1964-02-12
Hart,Flood,hflood7@i2i.jp,Male,1989-07-02
Desmund,Summerlie,,Male,1992-07-11
Werner,Eubank,weubank9@abc.net.au,Male,1988-12-24
Lilith,Delgado,ldelgadoa@seesaa.net,Female,1991-08-01
Constantin,Onele,coneleb@paginegialle.it,Male,1972-07-04
Dietrich,Minkin,dminkinc@nymag.com,Male,1986-01-25
Aluino,Willgoss,,Male,1987-06-17
Joey,Currao,jcurraoe@nationalgeographic.com,Male,1989-09-07
Bryna,Kassman,,Female,1995-12-15
Connie,Erdis,,Male,1987-06-03
Andi,Caig,,Female,1996-11-04
Stevana,Lummasana,slummasanai@canalblog.com,Female,1967-01-15
Kimmy,Rogans,krogansj@discuz.net,Female,1979-08-29
Franky,Kobes,fkobesk@noaa.gov,Male,1989-12-12
Juliane,MacGillivrie,,Female,1964-08-21
Sonnie,Brookwood,,Male,1961-07-20
Stanly,Harrington,sharringtonn@qq.com,Male,1972-01-03
Micheal,Crippes,mcrippeso@plala.or.jp,Male,1999-10-13
Jamaal,Colvin,,Male,1988-08-29
Junia,Piner,jpinerq@craigslist.org,Female,1995-05-25
Jed,Straun,,Male,1975-09-29
Riva,Iacomo,riacomos@ocn.ne.jp,Female,1992-01-19
Bayard,Nobriga,bnobrigat@github.com,Male,1989-12-05
Donna,Kemble,dkembleu@omniture.com,Female,1963-11-21
Brendon,Bowe,bbowev@home.pl,Male,1987-12-03
Arabelle,Rowbury,arowburyw@huffingtonpost.com,Female,1963-10-05
Jori,Robertshaw,jrobertshawx@printfriendly.com,Female,1981-09-16
Briano,Lotte,blottey@wikimedia.org,Male,1960-05-13
Moises,Lonsdale,mlonsdalez@hostgator.com,Male,1981-04-09
Morlee,Betterton,mbetterton10@dropbox.com,Male,1998-08-09
Linnea,Carrigan,lcarrigan11@stumbleupon.com,Female,1990-05-10
Artemus,Nisuis,anisuis12@ihg.com,Male,1977-01-27
Phil,Lapley,plapley13@photobucket.com,Male,1976-10-19
Clemmie,Millar,,Female,1960-10-28
Trefor,Dewdney,,Male,1999-09-11
Renell,Mollin,rmollin16@cyberchimps.com,Female,1999-08-04
Wally,Dunwoody,wdunwoody17@mediafire.com,Male,1972-11-28
Myrtice,Piddington,,Female,1984-08-17
Rossy,Yurivtsev,ryurivtsev19@discovery.com,Male,1980-03-11
Legra,Jacquemet,,Female,1963-03-20
Dotty,Ivashkov,divashkov1b@google.com.au,Female,1967-03-16
Erwin,Bidgood,ebidgood1c@apple.com,Male,1961-01-09
Brena,Sampson,bsampson1d@google.com,Female,2000-03-10
Austin,Krysztofiak,akrysztofiak1e@1688.com,Male,1985-08-25
Giulio,O'Keefe,gokeefe1f@is.gd,Male,1978-02-07
Bern,Walisiak,,Male,1973-05-23
Timoteo,Bathersby,,Male,1980-11-23
Benjamin,Bolus,bbolus1i@desdev.cn,Male,1984-12-10
Jaimie,Lund,jlund1j@slashdot.org,Female,1975-04-06
Ki,Patroni,kpatroni1k@smh.com.au,Female,1994-10-01
Ulberto,Lighterness,ulighterness1l@feedburner.com,Male,1964-04-20
Laurena,Merrick,lmerrick1m@hibu.com,Female,1974-05-08
Yance,Rowes,yrowes1n@microsoft.com,Male,1982-09-08
Fifi,Wiffler,,Female,1977-11-01
Shellie,Lambotin,slambotin1p@google.es,Female,1967-10-15
Kori,Mateuszczyk,kmateuszczyk1q@state.tx.us,Female,1982-05-18
Winonah,Dongall,wdongall1r@bravesites.com,Female,1998-06-21
Cord,Lujan,clujan1s@wikimedia.org,Male,1963-09-01
Ado,Wellard,awellard1t@uiuc.edu,Male,1993-11-25
Lewiss,Sich,lsich1u@ifeng.com,Male,1964-01-07
Nick,Smethurst,nsmethurst1v@photobucket.com,Male,1973-10-25
Marie,Casotti,mcasotti1w@xrea.com,Female,1970-02-19
Selinda,Greensitt,sgreensitt1x@businessweek.com,Female,1995-06-08
Gasper,Wesley,,Male,1960-04-25
Annecorinne,De Bruin,adebruin1z@blogger.com,Female,1982-01-06
Hayley,Pickrell,hpickrell20@jalbum.net,Female,1961-01-06
Donella,Merrgan,,Female,1977-11-14
Avictor,Diben,adiben22@paypal.com,Male,1979-11-26
Joseph,McNee,jmcnee23@bbc.co.uk,Male,1992-11-16
Bram,Fleischmann,bfleischmann24@ucoz.com,Male,1977-06-30
Gabbie,Coniam,gconiam25@gmpg.org,Female,1963-07-25
Alexi,Coward,acoward26@foxnews.com,Female,1973-06-15
Rafael,Devonald,rdevonald27@privacy.gov.au,Male,1966-05-14
Tiertza,Blondell,tblondell28@sphinn.com,Female,1990-04-21
Briant,Puckey,bpuckey29@un.org,Male,1976-07-29
Guy,Dilks,gdilks2a@jigsy.com,Male,1970-10-08
Darrick,Vivian,dvivian2b@t.co,Male,1993-11-04
Jaymie,Skettles,,Male,1986-02-10
Filberto,Quadri,fquadri2d@usda.gov,Male,1981-07-24
Avery,Ridgeway,,Male,1964-04-25
Hagan,Rushman,hrushman2f@indiatimes.com,Male,1972-11-08
Ilyse,Gantzman,igantzman2g@illinois.edu,Female,1961-11-16
Iggie,Henstridge,,Male,1986-11-21
Guthry,Osboldstone,,Male,1994-10-30
Raychel,Whiting,rwhiting2j@bravesites.com,Female,1973-01-02
Myra,Pobjoy,mpobjoy2k@prnewswire.com,Female,1998-11-26
Constantin,Taunton,ctaunton2l@odnoklassniki.ru,Male,1980-02-19
Mandel,Panther,,Male,1977-04-09
Korney,Chrystie,kchrystie2n@wikispaces.com,Female,1962-08-27
Don,Rotter,drotter2o@nps.gov,Male,1993-01-03
Christine,Munnings,cmunnings2p@howstuffworks.com,Female,1975-04-26
Lisette,Hoodless,lhoodless2q@github.io,Female,1981-11-24
Winslow,Benneyworth,wbenneyworth2r@discovery.com,Male,1999-06-20
Claudine,Condie,ccondie2s@zdnet.com,Female,1997-02-18
Coleen,Ayree,cayree2t@cornell.edu,Female,1964-04-27
Zebadiah,Ledram,,Male,1961-06-17
Leila,Bellwood,lbellwood2v@aboutads.info,Female,1977-12-26
Antonina,Bediss,abediss2w@wikia.com,Female,1969-08-30
Bettye,Falla,,Female,1966-09-14
Jeremiah,Llewelly,,Male,1966-10-26
Odilia,Shippard,,Female,1984-07-16
Dannie,Reah,,Female,1977-03-13
Mattheus,Girardey,mgirardey31@t.co,Male,1999-01-14
Maxwell,Wix,mwix32@scribd.com,Male,1979-05-19
Sigismundo,Benoey,sbenoey33@epa.gov,Male,1968-11-21
Brooke,Erlam,berlam34@mtv.com,Male,1973-10-26
Lulu,Naismith,lnaismith35@sogou.com,Female,1985-10-23
Valene,Reyes,vreyes36@mapquest.com,Female,1961-02-24
Rosalynd,Risdale,rrisdale37@google.com.hk,Female,1982-10-14
Rosalia,Lismore,rlismore38@google.co.jp,Female,2000-02-27
Uriah,O' Hern,uohern39@uiuc.edu,Male,1975-04-14
Juliana,Porch,jporch3a@dell.com,Female,1991-03-14
Jonathan,Rignoldes,jrignoldes3b@booking.com,Male,1964-04-09
Horatius,Shearme,hshearme3c@smugmug.com,Male,1978-10-14
Thornie,Muscott,tmuscott3d@unicef.org,Male,1982-05-24
Hodge,Mee,hmee3e@wordpress.org,Male,1990-07-11
Waldemar,Pobjay,,Male,1981-11-01
Kaye,Kissock,kkissock3g@github.io,Female,1973-12-30
Windy,Dearnley,wdearnley3h@tumblr.com,Female,1997-09-05
Edith,Abba,eabba3i@bbc.co.uk,Female,1969-01-25
Garth,Milson,,Male,1995-09-04
Hurley,Gerrit,,Male,1974-05-22
Mikkel,Cottey,mcottey3l@google.nl,Male,1984-02-18
Constantine,Hallbird,challbird3m@flavors.me,Female,1974-05-13
Bondie,Ollenbuttel,bollenbuttel3n@weather.com,Male,1964-02-06
Jamal,Budgen,jbudgen3o@usgs.gov,Male,1970-01-28
Eirena,Norvel,enorvel3p@pinterest.com,Female,1986-09-08
Marigold,Cockman,mcockman3q@tiny.cc,Female,1964-06-12
Shelli,Gages,,Female,1970-09-22
Andrej,Runnett,,Male,1982-08-01
Adelheid,Arias,,Female,1990-08-12
Bjorn,Marchington,bmarchington3u@reference.com,Male,1976-08-06
Margery,Sexon,,Female,1967-08-27
Shauna,Seden,sseden3w@reverbnation.com,Female,1973-08-17
Filippa,Mitrovic,fmitrovic3x@pagesperso-orange.fr,Female,1960-04-12
Theresita,Ivanyushkin,,Female,1983-09-20
Pegeen,Glowacki,pglowacki3z@weibo.com,Female,1983-10-13
Graeme,Snare,gsnare40@nhs.uk,Male,1998-12-04
Jacob,Lorenzo,jlorenzo41@topsy.com,Male,1982-11-29
Matthias,Navarro,,Male,1978-01-02
Neilla,Andreazzi,,Female,1974-10-07
Sandi,Tomkins,stomkins44@about.com,Female,1979-11-14
Aloisia,Taillard,ataillard45@multiply.com,Female,1965-06-14
Beaufort,Anselm,banselm46@paginegialle.it,Male,1973-06-18
Barrie,Hofer,,Female,1964-07-08
Lotte,Mattersley,lmattersley48@china.com.cn,Female,1976-08-05
Lindsy,Durnan,ldurnan49@go.com,Female,1981-04-07
Saba,Meriel,,Female,1968-09-16
Jerrie,Chatters,jchatters4b@youku.com,Male,1994-09-08
Bentlee,Bickerton,bbickerton4c@addtoany.com,Male,1986-10-21
Wald,Espadater,wespadater4d@cdc.gov,Male,1993-02-13
Lauraine,Bellas,,Female,1993-11-06
Karol,Earlam,,Female,1962-07-15
Simona,Holleworth,,Female,1999-09-07
Mag,Joye,mjoye4h@mapquest.com,Female,1998-03-22
Ellissa,Gytesham,egytesham4i@de.vu,Female,1991-05-22
Anet,Yerbury,ayerbury4j@webnode.com,Female,1980-04-19
Wendell,Caston,wcaston4k@nytimes.com,Male,1976-09-12
Ode,Rubes,orubes4l@live.com,Male,1982-07-09
Janey,Caris,jcaris4m@yolasite.com,Female,2000-02-25
Samaria,Keynd,skeynd4n@guardian.co.uk,Female,1996-04-08
Worden,Blackhurst,,Male,1978-02-20
Benetta,Gepson,bgepson4p@zdnet.com,Female,1967-02-07
Alessandra,Ianitti,aianitti4q@amazon.co.jp,Female,1968-05-10
Blake,Robet,,Female,1985-10-11
Luther,Cohan,,Male,1988-11-26
Leonidas,Minigo,,Male,1991-04-24
Minnie,Dayment,,Female,1980-11-23
Dora,Caffrey,,Female,1983-03-11
Charo,Duinbleton,,Female,1981-11-07
Jeffrey,Haldene,,Male,1989-10-11
Johnath,Fraschetti,jfraschetti4y@patch.com,Female,1991-07-02
Nadia,Nesbit,,Female,1991-01-29
Brigitte,Chittenden,bchittenden50@jigsy.com,Female,1960-12-14
Nahum,Finlry,,Male,1963-07-02
Darnell,Odeson,dodeson52@paypal.com,Male,1975-08-08
Lesly,Rushforth,,Female,1978-10-06
Beatrice,Cater,bcater54@netscape.com,Female,1983-11-25
Maurizio,Lambersen,,Male,1966-07-20
Ennis,Careless,ecareless56@cnet.com,Male,1989-05-01
Kerry,Willshear,kwillshear57@dot.gov,Male,1972-02-07
Gaspar,Heindle,,Male,1997-01-03
Krishna,Santo,ksanto59@google.ru,Male,1961-04-17
Thorny,Barton,tbarton5a@linkedin.com,Male,1966-01-18
Philippa,Rust,prust5b@dell.com,Female,1991-05-11
Terry,Garretts,,Male,1977-01-28
Tybi,Pincked,tpincked5d@meetup.com,Female,1961-10-10
Gillan,Noriega,,Female,1964-02-05
Rriocard,Vazquez,,Male,1973-04-01
Ambrosi,Marioneau,amarioneau5g@dmoz.org,Male,1963-01-18
Delia,Vine,dvine5h@wsj.com,Female,1996-03-20
Simone,Bolletti,sbolletti5i@1und1.de,Female,1974-07-21
Angelita,Hanbridge,ahanbridge5j@state.tx.us,Female,1961-02-27
Marlene,Brimfield,mbrimfield5k@amazon.com,Female,1968-04-14
Sayre,Isbell,sisbell5l@hugedomains.com,Female,1982-01-20
Logan,Pfeffel,lpfeffel5m@bing.com,Male,1978-09-07
Nelie,Trasler,,Female,1968-11-23
Stewart,Mathivon,smathivon5o@whitehouse.gov,Male,1971-08-03
Rich,Stretton,,Male,1997-12-24
Quintin,Claire,qclaire5q@jigsy.com,Male,1990-10-24
Shaylyn,Trowsdale,,Female,1974-06-01
Horace,McKeggie,hmckeggie5s@eepurl.com,Male,1976-08-17
Ophelie,Bartles,obartles5t@geocities.com,Female,1979-11-02
Con,Fry,,Male,1964-06-16
Verla,Sigert,,Female,1982-07-10
Lorinda,Fishpool,,Female,1962-10-28
Ulrica,Fadell,ufadell5x@tinypic.com,Female,1963-12-27
Lainey,Jarret,ljarret5y@usa.gov,Female,1992-06-27
Kai,Aykroyd,kaykroyd5z@networkadvertising.org,Female,1968-08-28
Clayborne,Loyndon,cloyndon60@slashdot.org,Male,1976-08-23
Marj,Laffan,mlaffan61@accuweather.com,Female,1984-09-21
Samaria,Erley,,Female,1992-11-25
Erhard,Berr,eberr63@nhs.uk,Male,1961-06-08
Claudetta,Rudsdell,crudsdell64@yellowbook.com,Female,1961-07-11
Killian,Sale,ksale65@opensource.org,Male,1995-06-10
Noelyn,Brazur,,Female,1989-03-21
Bealle,Danby,bdanby67@nih.gov,Male,1992-10-22
Brietta,Rawlence,brawlence68@twitter.com,Female,1966-08-26
Lise,Diess,ldiess69@utexas.edu,Female,1981-10-14
Ange,Yellep,,Male,1960-07-23
Mack,Jordanson,mjordanson6b@lulu.com,Male,1989-06-26
Valentijn,Mallock,vmallock6c@jigsy.com,Male,1969-10-06
Hanson,Lothlorien,hlothlorien6d@tripod.com,Male,1980-05-02
Gardy,Marians,gmarians6e@slate.com,Male,1965-12-11
Moselle,Priddie,,Female,1970-08-02
Henka,Stocker,hstocker6g@drupal.org,Female,1989-07-30
Martie,Probetts,,Male,1980-06-23
Julie,Fairchild,jfairchild6i@myspace.com,Female,1998-04-18
Lory,Capinetti,lcapinetti6j@list-manage.com,Female,1960-11-27
Gram,O'Hollegan,,Male,1989-11-30
Dell,Heller,dheller6l@reddit.com,Female,1998-04-25
Anton,Lethlay,alethlay6m@shop-pro.jp,Male,1981-09-02
Reece,Mesant,,Male,1990-08-23
Selestina,Eefting,seefting6o@bravesites.com,Female,1998-08-11
Kendrick,Moller,,Male,1992-07-06
Mellisent,Lohrensen,,Female,1962-05-11
Florri,Aronsohn,faronsohn6r@google.nl,Female,1972-03-05
Faunie,Skyme,fskyme6s@comsenz.com,Female,1967-07-24
Auguste,Mill,,Female,1995-08-15
Cecily,Helling,chelling6u@google.com.br,Female,1972-10-19
Bart,Lottrington,,Male,1990-12-13
Jeremie,Kausche,jkausche6w@businesswire.com,Male,1968-07-04
Lethia,Ashington,,Female,1979-06-06
Carri,Julyan,cjulyan6y@samsung.com,Female,1964-05-11
Cordula,Elce,,Female,1997-12-26
Raimund,Baxstair,rbaxstair70@cbsnews.com,Male,1979-01-30
Minna,Martinec,mmartinec71@theatlantic.com,Female,1986-08-26
Barthel,Wolledge,,Male,1999-10-15
Lisette,Nuemann,,Female,1991-01-16
Anastassia,Pickhaver,apickhaver74@plala.or.jp,Female,1989-03-24
Bartlet,MacCarter,bmaccarter75@census.gov,Male,1962-09-29
Gaston,Golborne,,Male,1974-09-15
Cyndy,Agerskow,cagerskow77@noaa.gov,Female,1994-08-28
Carissa,Stroder,cstroder78@hexun.com,Female,1960-08-20
Rosanne,Milsap,,Female,1975-07-25
Henriette,Pionter,hpionter7a@is.gd,Female,1979-04-14
Marlon,Baldin,mbaldin7b@earthlink.net,Male,1974-12-25
Shannen,Blanche,sblanche7c@mashable.com,Female,1978-09-10
Andrej,Capini,acapini7d@parallels.com,Male,1996-12-15
Banky,Ferencz,bferencz7e@jugem.jp,Male,1969-08-31
Therese,Tong,ttong7f@booking.com,Female,1993-10-25
Gan,Cram,gcram7g@un.org,Male,1980-05-05
Sibilla,Meenan,,Female,1991-01-22
Gertrude,Lutsch,glutsch7i@flickr.com,Female,1988-09-30
Hogan,Kinny,hkinny7j@howstuffworks.com,Male,1968-05-14
Starlin,Polland,spolland7k@usda.gov,Female,1997-10-15
Clareta,Ledwidge,,Female,1982-05-23
Russ,Swaby,rswaby7m@dagondesign.com,Male,1987-06-17
Cindie,Marshfield,cmarshfield7n@phoca.cz,Female,1971-12-11
Lothario,Gocher,lgocher7o@networkadvertising.org,Male,1973-01-20
Hale,Myott,hmyott7p@posterous.com,Male,1982-02-17
Cello,Officer,cofficer7q@google.es,Male,1978-06-18
Caresa,Dallimare,cdallimare7r@geocities.jp,Female,1981-11-13
Elise,Matys,ematys7s@barnesandnoble.com,Female,1977-06-06
Chuck,Hanson,chanson7t@rambler.ru,Male,1960-12-18
Ortensia,Coie,ocoie7u@statcounter.com,Female,1965-11-21
Vito,Emer,vemer7v@spotify.com,Male,1966-05-05
Fabien,Sabathier,fsabathier7w@indiegogo.com,Male,1966-08-06
Mirelle,Zoren,mzoren7x@artisteer.com,Female,1981-04-19
Cordie,Alderman,calderman7y@umich.edu,Male,1961-06-06
Floyd,Crowest,fcrowest7z@fda.gov,Male,1996-02-02
Hilton,Pashley,hpashley80@amazon.co.jp,Male,1990-07-13
Sigrid,Lowrance,slowrance81@ehow.com,Female,1963-04-07
Courtney,Fishpool,,Male,1964-05-22
Heidie,Medland,hmedland83@patch.com,Female,1982-06-14
Kylie,Dealtry,kdealtry84@4shared.com,Male,1974-05-01
Cozmo,Cote,ccote85@addthis.com,Male,1979-01-05
Elle,Gatrell,,Female,1991-10-11
Ryley,Mourant,rmourant87@wufoo.com,Male,1964-06-01
Madelin,Spence,mspence88@wp.com,Female,1999-06-02
Michaeline,Crookshank,mcrookshank89@e-recht24.de,Female,1984-11-16
Virge,Fallow,vfallow8a@wikispaces.com,Male,1960-07-10
Genevra,Dryburgh,,Female,1977-10-07
Blake,Fotheringham,,Male,1971-12-13
Madel,Winckle,mwinckle8d@usda.gov,Female,1978-05-14
Gregorio,Hannah,ghannah8e@so-net.ne.jp,Male,1962-12-04
Shoshanna,Kahane,,Female,1979-10-03
Foster,Crowhurst,fcrowhurst8g@wiley.com,Male,1962-03-26
Shaylynn,Worden,sworden8h@usa.gov,Female,1962-03-04
Alphard,Suttill,asuttill8i@taobao.com,Male,1988-01-25
Thebault,Simeon,tsimeon8j@artisteer.com,Male,1994-01-15
Kalindi,Waren,,Female,1963-11-26
Wolfy,Crowd,,Male,1989-08-24
Holmes,Rappa,hrappa8m@4shared.com,Male,1978-01-03
Tammi,Vaudre,,Female,1968-06-26
Yorker,Abba,,Male,1971-02-06
Adaline,Baton,abaton8p@ameblo.jp,Female,1995-05-11
Gert,Boots,gboots8q@blog.com,Female,1982-09-15
Letty,Matherson,lmatherson8r@newyorker.com,Female,1992-02-22
Orelee,O'Sheils,oosheils8s@qq.com,Female,1994-06-20
Ryun,Strond,rstrond8t@gnu.org,Male,1983-06-30
Corny,Fotheringham,,Female,1978-11-29
Griz,Stading,gstading8v@4shared.com,Male,1984-07-30
Janifer,Netting,jnetting8w@newsvine.com,Female,1963-05-07
Rasla,Voyce,,Female,1975-10-02
Chrisy,Easom,ceasom8y@mashable.com,Male,1982-03-13
Ardine,Dallison,,Female,1981-10-19
Maximo,Matusson,mmatusson90@sakura.ne.jp,Male,1976-05-08
Cora,Plinck,cplinck91@slate.com,Female,1997-12-08
Junette,Sircombe,jsircombe92@techcrunch.com,Female,1962-07-07
Lawrence,Sumpton,,Male,1980-05-13
Janette,Billison,,Female,1975-06-21
Denis,Drinkale,,Male,1972-09-14
Brittni,Theobalds,btheobalds96@msn.com,Female,1984-07-08
Lauritz,Brobyn,lbrobyn97@de.vu,Male,1983-05-14
Addia,Waight,awaight98@reddit.com,Female,1962-10-14
Urbain,Alfwy,,Male,1994-09-05
Evan,Main,emain9a@shop-pro.jp,Male,1980-07-11
Kelwin,Brahams,,Male,1973-10-12
Travis,O' Mara,tomara9c@yellowpages.com,Male,1998-10-06
Naomi,Ackermann,nackermann9d@mapy.cz,Female,1978-12-02
Aaron,Linnard,,Male,1968-03-21
Walton,Saddleton,,Male,1993-10-18
Fran,Crottagh,fcrottagh9g@ehow.com,Male,1964-09-12
Theo,Sacase,tsacase9h@csmonitor.com,Male,1975-11-08
Stavro,Sewter,ssewter9i@smugmug.com,Male,1987-10-02
Rafe,Cicullo,rcicullo9j@tumblr.com,Male,1961-10-23
Sullivan,Boorne,sboorne9k@ca.gov,Male,1974-08-05
Melvyn,Lorans,,Male,1977-12-14
Mario,Muckleston,mmuckleston9m@flavors.me,Male,1981-07-18
Cull,Jantel,cjantel9n@simplemachines.org,Male,1992-10-01
Rik,Moors,,Male,1972-10-11
Florrie,Cluet,,Female,1975-01-19
Jae,Gorges,jgorges9q@google.fr,Male,1996-05-07
Nelson,Kinghorne,nkinghorne9r@technorati.com,Male,1972-06-09
Skippie,Padell,,Male,1966-04-02
Hewie,Chisnall,,Male,1961-07-02
Edward,Goldstein,egoldstein9u@nps.gov,Male,1970-11-14
Jere,Siddaley,jsiddaley9v@springer.com,Female,1998-07-06
Shandee,Pegram,spegram9w@bandcamp.com,Female,1977-03-14
Sarge,Corder,,Male,1981-10-24
Florian,Burnall,,Male,1976-10-11
Brianna,Grieve,bgrieve9z@geocities.jp,Female,1983-05-08
Idalia,Jewise,ijewisea0@ftc.gov,Female,1970-07-24
Trix,Sandeford,tsandeforda1@chronoengine.com,Female,1974-11-09
Wynnie,Gietz,wgietza2@nifty.com,Female,1983-02-03
Tonie,Postles,tpostlesa3@buzzfeed.com,Female,1973-07-19
Delaney,Grimbaldeston,dgrimbaldestona4@businessweek.com,Male,1970-08-25
Rhianon,Massinger,rmassingera5@chron.com,Female,1976-12-12
Parsifal,Iacobassi,piacobassia6@yahoo.co.jp,Male,1971-09-11
Mozes,Lincey,mlinceya7@dailymail.co.uk,Male,1976-11-01
Enid,Washbrook,ewashbrooka8@google.com.br,Female,1975-03-05
Chadd,Johnstone,cjohnstonea9@wsj.com,Male,1998-05-04
Mersey,Benjefield,mbenjefieldaa@shop-pro.jp,Female,1977-08-15
Barbara-anne,Bea,,Female,1977-03-23
Jean,Conwell,jconwellac@ocn.ne.jp,Female,1976-10-30
Reynold,Piggens,rpiggensad@pbs.org,Male,1984-09-29
Boot,Knight,bknightae@sitemeter.com,Male,1985-08-04
Sibilla,Fleote,sfleoteaf@sohu.com,Female,1989-11-27
Aurora,Fawdrey,afawdreyag@statcounter.com,Female,1984-02-05
Hyman,Pagnin,,Male,1977-04-15
Cornelle,Trayton,ctraytonai@bloglines.com,Female,1961-07-13
Diane-marie,Daud,,Female,1965-04-04
Vivianne,Sothern,,Female,1964-06-12
Vicky,Planke,,Female,1976-08-26
Kriste,Grieger,,Female,1998-01-08
Sully,Tomkiss,stomkissan@studiopress.com,Male,1960-11-17
Laurence,Schroeder,lschroederao@japanpost.jp,Male,1970-07-28
Wilone,Tisor,,Female,1985-01-05
Sheff,Yerson,,Male,1979-12-06
Montgomery,La Batie,mlabatiear@hubpages.com,Male,1978-01-17
Tadd,Kail,tkailas@yahoo.com,Male,1983-09-21
Brandais,Munks,,Female,1968-09-20
Sumner,Gheorghe,,Male,1993-09-06
Gretal,Swinney,gswinneyav@nymag.com,Female,1981-10-21
Annamarie,Leitche,aleitcheaw@mozilla.com,Female,1962-03-27
Emily,Drewery,edreweryax@sun.com,Female,1966-09-06
Anjela,Oris,aorisay@alibaba.com,Female,1965-04-28
Giovanna,Stayte,gstayteaz@arizona.edu,Female,1964-06-11
Hugh,Heads,hheadsb0@instagram.com,Male,1989-09-05
Faye,O'Lenane,folenaneb1@over-blog.com,Female,1995-06-01
Zared,Braisted,zbraistedb2@mozilla.com,Male,1970-07-10
Maurice,Wolfendale,mwolfendaleb3@cbsnews.com,Male,1963-06-21
Judi,Pallesen,,Female,1972-12-06
Gabriele,Vacher,gvacherb5@amazon.de,Male,1986-02-03
Kai,Feldharker,,Female,1995-06-24
Hyacintha,Woodhead,hwoodheadb7@blogger.com,Female,1972-09-08
Duffie,Wadman,,Male,1980-11-11
Arielle,Pryke,aprykeb9@uol.com.br,Female,1999-01-29
Dede,Gilbeart,dgilbeartba@smh.com.au,Female,1989-12-08
Johnathan,Doxey,jdoxeybb@opera.com,Male,1983-01-22
Austin,Hamby,,Male,1986-06-02
Ernesto,McGeachy,emcgeachybd@wsj.com,Male,1981-08-17
Tucker,Chrystie,,Male,1993-10-02
Herold,Arnefield,harnefieldbf@wisc.edu,Male,1988-03-13
Lenka,Fidelus,lfidelusbg@webeden.co.uk,Female,1966-03-25
Guenna,Baillie,,Female,1967-02-26
Aarika,Leemans,aleemansbi@weather.com,Female,1974-08-13
Loreen,Cossington,,Female,1974-11-03
Trey,Nobes,tnobesbk@skyrock.com,Male,1967-01-09
Dilan,Hanscombe,dhanscombebl@nyu.edu,Male,1972-09-12
Hendrika,Iliff,,Female,1966-12-26
Zeke,Hatje,zhatjebn@engadget.com,Male,1972-02-10
Vasilis,Dudenie,,Male,1984-07-28
Lukas,Scola,,Male,1963-07-02
Claus,Dummett,,Male,1975-09-14
Lilah,Hartley,lhartleybr@thetimes.co.uk,Female,1983-10-04
Culver,Elcoate,celcoatebs@163.com,Male,1967-12-13
Salvidor,Snarr,ssnarrbt@imageshack.us,Male,1984-06-14
Erhard,Healings,ehealingsbu@youtu.be,Male,1971-05-27
Angeline,Simioni,asimionibv@liveinternet.ru,Female,1997-07-24
Adey,Knatt,aknattbw@bbb.org,Female,1971-10-18
Meredith,Ruske,mruskebx@nba.com,Female,1987-09-26
Pennie,Trosdall,ptrosdallby@comsenz.com,Male,1972-09-04
Valentia,Zuann,vzuannbz@vimeo.com,Female,1972-06-03
Joane,Torfin,jtorfinc0@patch.com,Female,1997-08-07
Stevy,Quainton,,Male,1970-06-12
Findlay,Udy,fudyc2@umich.edu,Male,1969-07-07
Thomas,Sargeant,tsargeantc3@storify.com,Male,1967-10-03
Inga,Langsdon,ilangsdonc4@cpanel.net,Female,1978-10-03
Christan,Kulas,,Female,1994-10-14
Kennie,Hatch,,Male,1978-11-18
Heddi,Sandyford,,Female,1992-11-02
Sonni,Acreman,sacremanc8@unblog.fr,Female,1968-05-02
Jeff,MacKilroe,jmackilroec9@hatena.ne.jp,Male,1961-04-09
Lyssa,Esley,lesleyca@wordpress.org,Female,1974-06-26
Tatum,Ruberry,truberrycb@drupal.org,Female,1991-09-25
Alexina,Soughton,asoughtoncc@goo.gl,Female,1986-05-14
Sherie,Mazzia,smazziacd@hhs.gov,Female,1992-12-21
Brantley,Smithson,,Male,1972-12-11
Arnold,Ludy,aludycf@goodreads.com,Male,1968-03-31
Skip,Oke,sokecg@businessweek.com,Male,1976-07-17
Deanna,Browse,dbrowsech@reddit.com,Female,1980-02-07
Liuka,Hutcheon,lhutcheonci@nationalgeographic.com,Female,1995-01-10
Eydie,McAlpine,,Female,1991-07-18
Sigmund,Pougher,spougherck@ted.com,Male,1968-04-04
Derril,Nardoni,,Male,1960-09-11
Pegeen,Roels,proelscm@hibu.com,Female,1972-10-29
Romola,Osgordby,,Female,1998-09-01
Tabatha,Jilliss,,Female,1992-02-21
Janelle,Jakoubek,,Female,1981-05-25
Nikki,Borgars,nborgarscq@hexun.com,Male,1969-07-07
Albie,Featherstonhalgh,,Male,1991-09-21
Carrissa,Bavidge,cbavidgecs@phoca.cz,Female,1972-01-24
Jules,Shorter,jshorterct@home.pl,Male,1971-05-01
Caresa,Dinjes,,Female,1985-07-23
Nathalia,Cutmare,,Female,1965-05-29
Grenville,Adne,,Male,1976-12-06
Armando,Wehnerr,,Male,1969-09-26
Gracie,Basnall,gbasnallcy@webeden.co.uk,Female,1964-10-19
Aldo,Swetman,aswetmancz@com.com,Male,1987-03-11
Beth,Le Friec,blefriecd0@webeden.co.uk,Female,1998-06-06
Ike,Belly,,Male,1965-10-21
Roanna,Fowley,rfowleyd2@google.pl,Female,1968-07-03
Thibaut,Skillen,tskillend3@nymag.com,Male,1983-04-13
Carrie,Levet,clevetd4@patch.com,Female,1966-04-14
Ryun,Finby,,Male,1990-01-11
Prue,Floyd,pfloydd6@ted.com,Female,1990-11-05
Catherin,Coners,cconersd7@boston.com,Female,1998-09-03
Griselda,Moreinis,gmoreinisd8@1und1.de,Female,1967-02-05
Margaretha,Slyne,mslyned9@github.io,Female,1980-11-09
Ruth,Guichard,rguichardda@usnews.com,Female,1967-04-19
Tristan,Gingedale,tgingedaledb@arizona.edu,Male,1997-04-03
Mable,Milburn,,Female,1996-03-21
Johnny,Fernehough,,Male,1971-06-26
Alfy,Sullivan,asullivande@sina.com.cn,Male,1998-05-26
Allyn,MacRierie,,Female,1984-02-18
Ayn,Lampkin,,Female,1970-12-11
Geralda,Godsmark,ggodsmarkdh@meetup.com,Female,1966-11-18
Stuart,Lansdown,slansdowndi@dedecms.com,Male,1977-12-04
Garret,Toulamain,,Male,1990-08-03
Melly,Fossett,,Female,1999-08-17
Coop,Bantham,cbanthamdl@de.vu,Male,1973-09-05
Gerek,Barkworth,,Male,1979-04-13
Molli,Hempshall,mhempshalldn@usda.gov,Female,1970-04-05
Kelsy,Addicote,kaddicotedo@google.com.hk,Female,1978-02-16
Corinna,Bortolomei,,Female,1990-04-16
Egbert,Grgic,egrgicdq@etsy.com,Male,1977-10-06
Pennie,Widdison,pwiddisondr@nytimes.com,Male,1991-05-20
Roxy,Bachmann,rbachmannds@theguardian.com,Female,1980-07-05
Katleen,Marriage,,Female,1996-04-01
Antone,Naughton,anaughtondu@independent.co.uk,Male,1963-01-05
Gloriana,Hasty,ghastydv@plala.or.jp,Female,1986-01-23
Conn,Jesse,cjessedw@opera.com,Male,1990-03-27
Sigismundo,Dooland,sdoolanddx@washingtonpost.com,Male,1991-06-22
Mitchell,Lathleiffure,mlathleiffuredy@hp.com,Male,1998-01-25
Lazaro,Hayton,,Male,1964-06-20
Neely,Sichardt,nsichardte0@vinaora.com,Female,1998-07-17
Karlis,Whaley,,Male,1969-11-03
Bronson,Cockshut,bcockshute2@gov.uk,Male,1996-12-22
Skell,Oneil,soneile3@tmall.com,Male,1966-12-13
Fawnia,Stamp,fstampe4@dailymotion.com,Female,1987-11-13
Berti,Averill,,Male,1981-04-29
Pancho,Birch,pbirche6@ibm.com,Male,1978-05-22
Claiborne,Pound,,Male,1969-03-22
Worden,MacKnocker,,Male,1975-05-22
Faith,Haygreen,,Female,1970-01-21
Milty,Valiant,mvaliantea@apache.org,Male,1972-03-12
Teddy,Hurford,thurfordeb@so-net.ne.jp,Male,2000-03-21
Berty,Braywood,bbraywoodec@accuweather.com,Female,1984-05-04
Liza,Musla,lmuslaed@wordpress.org,Female,1986-12-26
Dev,Fearnley,dfearnleyee@uiuc.edu,Male,1988-09-23
Inglis,Van Ross,ivanrossef@google.com.hk,Male,1982-06-26
Orson,Sabbatier,,Male,1978-03-07
Sutton,Headan,,Male,1968-10-08
Dominick,Bridell,dbridellei@ehow.com,Male,1995-07-17
Ira,Humphries,ihumphriesej@csmonitor.com,Female,1966-08-09
Trula,Bassilashvili,tbassilashviliek@cornell.edu,Female,1983-04-25
Cathi,Plail,cplailel@reuters.com,Female,1969-04-30
Nancy,Riditch,nriditchem@dell.com,Female,1982-12-28
Theo,Tremayne,ttremayneen@zimbio.com,Male,1983-12-30
Marla,Wanderschek,,Female,1965-02-07
Agna,Scini,asciniep@dailymail.co.uk,Female,1965-11-06
Guthrie,Watmore,gwatmoreeq@cbsnews.com,Male,1969-04-07
Paulo,Sindall,psindaller@nature.com,Male,1996-10-05
Cole,Armfield,carmfieldes@gov.uk,Male,1977-04-25
Matthus,Abernethy,mabernethyet@ft.com,Male,1992-07-31
Dahlia,Fielders,dfielderseu@nps.gov,Female,1972-01-25
Dmitri,Jolland,djollandev@ucoz.com,Male,1985-03-11
Rheta,Fonteyne,,Female,1985-05-20
Tod,Twinborough,ttwinboroughex@youtube.com,Male,1991-12-24
Giselle,O'Dempsey,,Female,1979-10-30
Toddie,Ainslee,tainsleeez@wunderground.com,Male,1981-09-11
Abie,Marvelley,amarvelleyf0@virginia.edu,Male,1985-08-26
Trumann,Aleksahkin,taleksahkinf1@last.fm,Male,1975-12-28
Steffen,Weir,sweirf2@theglobeandmail.com,Male,1979-07-10
Carine,Iles,,Female,1985-10-15
Eddie,Gercken,egerckenf4@studiopress.com,Female,1962-12-28
Woodie,Cristoforetti,wcristoforettif5@goodreads.com,Male,1983-06-10
Elladine,Braidley,ebraidleyf6@tumblr.com,Female,1992-12-19
Andre,Jonke,ajonkef7@si.edu,Male,1991-06-24
Emilio,Terron,eterronf8@dropbox.com,Male,1974-10-08
Bendite,O' Mullane,bomullanef9@nbcnews.com,Female,1998-05-24
Lauralee,Boswood,lboswoodfa@aol.com,Female,1997-07-15
Ruthy,Mollatt,rmollattfb@simplemachines.org,Female,1971-07-12
Pincus,Goschalk,pgoschalkfc@ihg.com,Male,1984-03-15
Idelle,Wadhams,iwadhamsfd@zdnet.com,Female,1995-08-31
Anna-diana,Kenwell,,Female,1998-06-20
Ase,Dominico,adominicoff@bing.com,Male,1977-06-07
Tabbie,Ferns,tfernsfg@drupal.org,Male,1976-04-19
Marti,Aldins,maldinsfh@yandex.ru,Female,1992-01-03
Nikolaus,Breckwell,nbreckwellfi@youtube.com,Male,1965-08-21
Fonzie,Bradnocke,fbradnockefj@nsw.gov.au,Male,1977-03-06
Humphrey,Newnham,hnewnhamfk@edublogs.org,Male,1986-08-04
Martynne,Danev,mdanevfl@hostgator.com,Female,1961-10-26
Antonia,Jiri,,Female,1963-11-17
Dorian,Schimmang,dschimmangfn@census.gov,Female,1965-01-03
Gan,Grigorey,,Male,1979-03-04
Boothe,Mintoff,bmintofffp@nytimes.com,Male,1977-10-08
Lyndy,Pounds,,Female,1974-09-25
Lynn,Anchor,,Female,1996-09-07
Nadine,Klimowski,nklimowskifs@zdnet.com,Female,1975-07-22
Gilbert,Daintrey,gdaintreyft@seattletimes.com,Male,1991-02-10
Ailsun,Oxer,,Female,1964-03-28
Agna,Iacovone,,Female,1990-09-14
Gerladina,Coughtrey,gcoughtreyfw@bbc.co.uk,Female,1984-08-18
Romy,Stangoe,rstangoefx@pinterest.com,Female,1973-08-03
Robbie,Mayall,,Male,1992-06-25
Amitie,Hamshere,ahamsherefz@stanford.edu,Female,1997-03-28
Karia,Coatts,,Female,2000-02-24
Rozelle,Seabourne,rseabourneg1@live.com,Female,1968-11-20
Salaidh,Bingham,,Female,1962-06-04
Lyndsay,Retallick,,Female,1999-11-12
Cyrillus,Sinclar,csinclarg4@exblog.jp,Male,1993-08-30
Spenser,Hoofe,shoofeg5@twitter.com,Male,1988-08-22
Ron,Tomasoni,rtomasonig6@jalbum.net,Male,1990-03-09
Simeon,Joincey,sjoinceyg7@businesswire.com,Male,1967-03-06
Dawna,Gasperi,dgasperig8@tuttocitta.it,Female,1985-09-12
Kale,Berggren,kberggreng9@scribd.com,Male,1986-01-09
Glory,Atmore,,Female,1967-01-12
Bernette,Bellam,,Female,1992-03-17
Delora,Klimuk,,Female,1962-02-06
Marquita,Hardwin,mhardwingd@cargocollective.com,Female,1967-11-11
Katuscha,Drawmer,kdrawmerge@economist.com,Female,1997-10-08
Dukie,Pavey,,Male,1973-05-02
Kathie,Trevor,ktrevorgg@biglobe.ne.jp,Female,1995-12-22
Sybila,Hews,shewsgh@addtoany.com,Female,1964-09-06
Liesa,Isaksen,,Female,1999-01-19
Bartie,Upson,bupsongj@surveymonkey.com,Male,1972-12-26
Lombard,Ratt,lrattgk@trellian.com,Male,1996-04-27
Cy,Deighan,cdeighangl@photobucket.com,Male,1986-02-08
Ivor,Insole,,Male,1990-06-04
Colin,Sagg,csagggn@youtu.be,Male,1967-05-03
Manolo,Fevier,mfeviergo@lycos.com,Male,1998-12-11
Etta,Hymor,ehymorgp@csmonitor.com,Female,1989-11-06
Rheta,Denney,rdenneygq@comsenz.com,Female,1992-03-28
Stevie,Feechum,sfeechumgr@issuu.com,Male,1976-02-27
Ibrahim,Biggerstaff,ibiggerstaffgs@yellowpages.com,Male,1979-01-05
Mollie,Deeman,mdeemangt@weebly.com,Female,1988-05-05
Traci,Paggitt,tpaggittgu@simplemachines.org,Female,1976-02-12
Jenelle,Tesyro,jtesyrogv@yelp.com,Female,1973-04-22
Aidan,Grinyov,agrinyovgw@chronoengine.com,Female,1966-11-03
Luca,Allery,lallerygx@cocolog-nifty.com,Male,1985-08-22
Helene,Ficken,,Female,1974-11-02
Denis,Huniwall,dhuniwallgz@liveinternet.ru,Male,1962-01-21
Tracey,Cruickshanks,,Male,1995-11-08
Geoffry,Scamel,gscamelh1@nih.gov,Male,1985-07-10
Hanny,Aaron,haaronh2@china.com.cn,Female,1971-09-16
Yoshi,Brose,ybroseh3@cyberchimps.com,Female,1967-08-03
Oby,Edgler,,Male,1971-05-11
Mohandas,Wroth,mwrothh5@topsy.com,Male,1994-08-12
Eddy,Aim,eaimh6@surveymonkey.com,Female,1977-04-02
Ree,Sawbridge,rsawbridgeh7@patch.com,Female,1968-09-05
Gale,Gilkison,ggilkisonh8@studiopress.com,Male,1966-04-29
Drusie,Malloy,dmalloyh9@businessweek.com,Female,1992-05-02
Caitlin,Pryde,cprydeha@unblog.fr,Female,1964-01-19
Kelcey,Garrand,kgarrandhb@wikipedia.org,Female,1995-02-03
Rozamond,Espy,respyhc@dedecms.com,Female,1964-04-30
Scottie,MacGillicuddy,smacgillicuddyhd@wikispaces.com,Male,1968-07-22
Jammie,Stiant,,Female,1968-07-31
Adelind,Giacobilio,agiacobiliohf@wsj.com,Female,1984-06-21
Toby,Prium,tpriumhg@dion.ne.jp,Female,1974-09-09
Kimberlee,Pesek,kpesekhh@oaic.gov.au,Female,1965-07-31
Gerianna,Eynaud,geynaudhi@cmu.edu,Female,1961-12-19
Kary,Libbie,klibbiehj@slate.com,Female,1991-11-28
Dosi,Elford,delfordhk@networksolutions.com,Female,1987-12-08
Charla,Hellmore,,Female,1984-12-11
Adelice,Ossipenko,,Female,1994-07-17
Pepi,Ferrillio,,Female,1967-03-17
Currie,Gonnel,cgonnelho@independent.co.uk,Male,1961-01-06
Johannah,Hecks,jheckshp@google.it,Female,1997-11-12
Urbain,Gerb,ugerbhq@123-reg.co.uk,Male,1966-01-26
Beverly,L'Episcopi,,Female,1964-09-24
Anette,Prichard,aprichardhs@google.de,Female,1970-05-14
Herold,Meijer,,Male,1965-02-01
Pippo,Gaddesby,pgaddesbyhu@abc.net.au,Male,1975-04-10
Alexandro,Ferriday,,Male,1974-06-12
Gianna,Staniford,gstanifordhw@psu.edu,Female,1968-11-04
Kary,Pakenham,,Female,1971-03-01
Wain,Abreheart,,Male,1987-05-28
Vevay,Onn,vonnhz@oakley.com,Female,1981-06-12
Emelita,Eckert,eeckerti0@furl.net,Female,1968-10-10
Montgomery,Lawden,mlawdeni1@scientificamerican.com,Male,1987-04-15
Tiertza,Staveley,tstaveleyi2@howstuffworks.com,Female,1980-07-28
Chev,Kochel,ckocheli3@nyu.edu,Male,1985-08-05
Donovan,Capin,dcapini4@istockphoto.com,Male,1999-04-11
Essie,Baroche,ebarochei5@odnoklassniki.ru,Female,1998-12-28
Doy,Wrixon,dwrixoni6@webmd.com,Male,1970-01-28
Philippe,Conibear,pconibeari7@reference.com,Female,1977-10-20
Elwira,Simonelli,esimonellii8@ovh.net,Female,1993-08-12
Jakie,Byrne,jbyrnei9@etsy.com,Male,1992-09-27
Zilvia,Heaselgrave,zheaselgraveia@bing.com,Female,1987-02-05
Emery,Dunsford,edunsfordib@cmu.edu,Male,1961-11-07
Tandi,Van der Spohr,tvanderspohric@simplemachines.org,Female,1980-02-03
Marcelia,Noorwood,,Female,1964-11-17
Sarge,Samples,,Male,1994-01-07
Petronella,Lemmon,plemmonif@dagondesign.com,Female,1996-07-28
Lorry,Wandrach,,Female,1962-12-05
Kial,Ratt,krattih@ning.com,Female,1960-09-22
Josepha,Balch,,Female,1988-04-05
Grenville,Boxell,gboxellij@ebay.com,Male,1986-10-16
Nicol,Riccetti,nriccettiik@123-reg.co.uk,Male,1986-01-10
Raymond,Kernocke,rkernockeil@netlog.com,Male,1968-12-12
Edsel,Risborough,,Male,1967-12-27
Franzen,Soreau,fsoreauin@smugmug.com,Male,1993-03-23
Dyanna,Meadley,,Female,1976-11-25
Garfield,Rabbitts,,Male,1988-09-15
Casey,Wooderson,,Female,1987-04-14
Sharia,Hankins,,Female,1983-08-09
Jacklyn,Beveredge,jbeveredgeis@netlog.com,Female,1988-03-19
Aharon,Jacmard,,Male,1992-07-25
Harold,Mewe,,Male,1983-05-27
Kareem,Wafer,,Male,1968-05-15
Douglass,Van Der Weedenburg,,Male,1970-08-30
Frasco,Sally,fsallyix@typepad.com,Male,1982-02-19
Nikaniki,Wallhead,nwallheadiy@abc.net.au,Female,1989-12-17
Marianne,Orford,morfordiz@tinypic.com,Female,1971-07-26
Vittorio,Chowne,vchownej0@ifeng.com,Male,1960-04-20
Brooke,Pabelik,bpabelikj1@infoseek.co.jp,Male,1971-08-28
Terrel,Mears,tmearsj2@home.pl,Male,1992-11-04
Merna,Cutcliffe,,Female,1989-08-06
Ertha,Yanez,,Female,1974-06-28
Anastasia,Ion,,Female,1980-08-17
Conni,Lorroway,clorrowayj6@amazon.co.uk,Female,1976-06-22
Hashim,Doumerque,hdoumerquej7@booking.com,Male,1998-04-23
Eddy,Gale,,Male,1980-04-13
Paulita,Ziehm,,Female,1964-10-19
Kiley,Beagan,kbeaganja@yahoo.co.jp,Female,1984-01-08
Nobe,Spaice,nspaicejb@moonfruit.com,Male,1978-10-28
Lazarus,McCuffie,lmccuffiejc@merriam-webster.com,Male,1960-06-12
Nicol,Worling,nworlingjd@craigslist.org,Male,1969-06-29
Vance,Lozano,vlozanoje@tumblr.com,Male,1965-11-26
Zacharie,Humpage,zhumpagejf@over-blog.com,Male,1973-06-26
Adriena,Alenichev,aalenichevjg@ustream.tv,Female,1980-07-30
Culver,Viney,cvineyjh@zimbio.com,Male,1981-09-20
Daffie,Skull,,Female,1999-05-22
Johannes,Minchinton,jminchintonjj@xinhuanet.com,Male,1972-03-09
Moira,Grimsdike,mgrimsdikejk@fema.gov,Female,1979-03-07
Aurora,Maunder,amaunderjl@joomla.org,Female,1993-08-12
Sandie,Welsby,,Female,1966-03-10
Shellysheldon,Lincoln,slincolnjn@pagesperso-orange.fr,Male,1998-12-26
Neel,Algie,nalgiejo@nba.com,Male,1998-09-07
Gwen,Chalcroft,gchalcroftjp@slashdot.org,Female,1986-02-19
Wynn,Amiss,,Male,1989-02-19
Anetta,Lawdham,alawdhamjr@qq.com,Female,1991-07-31
Web,Oswick,woswickjs@arizona.edu,Male,1988-08-24
Yale,Maude,ymaudejt@accuweather.com,Male,1960-09-01
Moreen,Giraux,,Female,1995-01-12
Trent,Gilstin,tgilstinjv@infoseek.co.jp,Male,1964-09-11
Lorne,Twort,,Female,1990-10-21
Tull,Dresse,tdressejx@kickstarter.com,Male,1974-09-24
Reynolds,Busch,,Male,1964-10-01
Ailina,Habble,ahabblejz@skyrock.com,Female,1963-03-18
Harland,Statersfield,,Male,1987-02-16
Hakim,Brennenstuhl,hbrennenstuhlk1@auda.org.au,Male,1991-10-06
Myranda,Pepys,,Female,1965-10-19
Wilmar,Serris,,Male,1963-07-17
Ody,Hudd,ohuddk4@purevolume.com,Male,1997-09-01
Dur,Orringe,dorringek5@vistaprint.com,Male,1987-04-01
Claude,Goodboddy,cgoodboddyk6@squidoo.com,Female,1986-03-06
Luce,McInally,lmcinallyk7@cbc.ca,Male,1992-07-25
Morie,Heater,mheaterk8@multiply.com,Male,1965-10-17
Baron,Mushart,,Male,1973-01-09
Gallard,Rioch,,Male,1989-09-01
Kinna,Lamcken,klamckenkb@webnode.com,Female,1997-11-26
Melly,Ridgeway,,Female,1991-04-23
Sib,Colleer,scolleerkd@cdbaby.com,Female,1968-10-13
Madelene,Wrotham,mwrothamke@yandex.ru,Female,1977-09-09
Vidovik,Ventham,,Male,1990-02-14
Samaria,Goodrich,sgoodrichkg@google.com,Female,1997-05-22
Ravi,Loughlin,rloughlinkh@mozilla.org,Male,1993-10-29
Stanislas,Stolle,,Male,1976-05-10
Amelina,Waterman,,Female,1967-09-12
Myranda,Brass,mbrasskk@seattletimes.com,Female,1995-11-26
Christian,Fromont,cfromontkl@sitemeter.com,Female,1988-10-22
Quintin,Simonard,qsimonardkm@hugedomains.com,Male,1978-02-11
Lenette,Clausner,lclausnerkn@domainmarket.com,Female,1965-03-03
Rurik,Maudlin,,Male,1961-12-08
Suzann,Paine,,Female,1985-05-15
Flynn,Muino,fmuinokq@census.gov,Male,1992-11-07
Anna-diana,Kolis,akoliskr@cisco.com,Female,1972-09-01
Marielle,Peinton,,Female,1960-04-12
Nissie,Thickett,,Female,1997-09-12
Alie,Paddeley,apaddeleyku@mozilla.com,Female,1990-07-01
Doyle,Jury,,Male,1995-03-11
Mischa,Graysmark,mgraysmarkkw@privacy.gov.au,Male,1967-06-20
Jordan,Fripp,jfrippkx@wikia.com,Female,1971-05-01
Xymenes,Osant,,Male,1983-09-23
Farlie,Warbrick,fwarbrickkz@4shared.com,Male,1979-03-21
Anneliese,Jiruch,ajiruchl0@csmonitor.com,Female,1999-12-02
Odille,Rasch,oraschl1@pen.io,Female,1996-01-29
Bayard,Ainley,bainleyl2@usda.gov,Male,1962-03-12
Pat,Sneyd,psneydl3@vimeo.com,Male,1990-10-11
Vic,Guiso,vguisol4@umich.edu,Male,1975-12-29
Lucais,Annon,lannonl5@uiuc.edu,Male,1966-09-30
Benedick,Alderman,baldermanl6@macromedia.com,Male,1993-08-04
Dody,D'Aguanno,ddaguannol7@tumblr.com,Female,1977-05-03
Mehetabel,Spink,,Female,1970-01-07
Neely,Brayshay,nbrayshayl9@clickbank.net,Female,1992-02-20
Dacia,Bleibaum,dbleibaumla@dell.com,Female,1980-01-31
Kynthia,Heino,kheinolb@telegraph.co.uk,Female,1972-07-01
Elwyn,Bagnold,ebagnoldlc@yelp.com,Male,1967-08-03
Danice,Guarnier,,Female,1991-01-02
Delano,Davydoch,ddavydochle@umich.edu,Male,1995-02-07
Howie,Tiddeman,htiddemanlf@home.pl,Male,1986-12-18
Gisela,Kestell,gkestelllg@google.co.uk,Female,1995-01-14
Wilhelmina,Ferrari,wferrarilh@vistaprint.com,Female,1980-10-16
Shel,Batchellor,sbatchellorli@ycombinator.com,Female,1967-04-29
Brice,Worthington,,Male,1994-06-28
Agace,Sandwick,asandwicklk@sogou.com,Female,1982-05-25
Mina,Easum,measumll@booking.com,Female,1964-12-04
Sanderson,Saynor,ssaynorlm@fema.gov,Male,1978-08-28
Jake,Warrington,,Male,1997-06-20
Zita,Howson,zhowsonlo@sogou.com,Female,1983-08-16
Dode,Degoey,ddegoeylp@oaic.gov.au,Female,1982-12-09
Shepard,Saterthwait,ssaterthwaitlq@cloudflare.com,Male,1979-11-11
Garek,McGrane,gmcgranelr@geocities.com,Male,1983-12-18
Lucho,Josuweit,,Male,1982-09-03
Brodie,McLoughlin,bmcloughlinlt@g.co,Male,1979-07-13
Morgun,Grabiec,mgrabieclu@github.io,Male,1981-05-25
Anna-diana,Wollrauch,,Female,1996-02-29
Nessy,Tynemouth,,Female,1983-12-21
Dyane,Degnen,,Female,1969-04-29
Bonita,Shawl,,Female,1962-05-29
Matilda,Seabrocke,mseabrockelz@redcross.org,Female,1994-04-02
Kelsy,Robinet,,Female,1999-07-16
Lucky,Brudenell,lbrudenellm1@wikimedia.org,Female,1974-07-01
Diena,Eldredge,deldredgem2@sakura.ne.jp,Female,1980-01-08
Dud,Blose,dblosem3@spotify.com,Male,1977-12-30
Corrie,Crookshanks,ccrookshanksm4@ovh.net,Female,1960-11-08
Cindra,Jacks,,Female,1973-06-26
Wylma,Pree,,Female,1982-12-12
Warde,Jamot,wjamotm7@thetimes.co.uk,Male,1980-08-15
Benoite,Ismead,,Female,1992-04-08
Elga,Noorwood,enoorwoodm9@dropbox.com,Female,1978-12-16
Deeanne,Hamshar,,Female,1962-11-07
Arty,Albrook,,Male,1987-08-20
Janek,Howick,jhowickmc@home.pl,Male,1994-07-06
Chaunce,Revel,crevelmd@ucla.edu,Male,1973-10-28
Artus,Gurry,agurryme@google.de,Male,1978-06-03
Traver,Crichton,tcrichtonmf@yahoo.com,Male,1979-08-02
Ives,Moquin,,Male,1965-07-23
Ardella,Thickens,,Female,1968-05-16
Evan,Rodolf,erodolfmi@paginegialle.it,Male,1965-09-26
Hadleigh,McKeighen,hmckeighenmj@t-online.de,Male,1963-05-29
Boothe,Caig,bcaigmk@comcast.net,Male,1966-06-10
Lacy,Meus,lmeusml@mac.com,Female,1999-12-09
Ronald,Branton,,Male,1974-04-06
Graham,Crosskill,gcrosskillmn@surveymonkey.com,Male,1966-11-03
Reina,Fayerbrother,rfayerbrothermo@fc2.com,Female,1972-11-03
Arlene,Harman,aharmanmp@webs.com,Female,1965-02-05
Hal,Oldroyd,,Male,1998-04-27
Dwain,Misken,,Male,1970-12-26
Alva,Donaho,adonahoms@fc2.com,Male,1997-10-11
Ina,Beckwith,ibeckwithmt@imageshack.us,Female,1966-06-01
Kermit,Burles,kburlesmu@quantcast.com,Male,1999-08-22
Simon,Chatto,schattomv@sciencedaily.com,Male,1972-05-20
Hephzibah,Bly,,Female,1992-04-10
Lindsy,Chance,,Female,1971-02-03
Karney,Rose,,Male,1982-09-07
Sutherlan,Lambourn,slambournmz@tripod.com,Male,1984-02-06
Rayna,Yakobovitz,ryakobovitzn0@prweb.com,Female,1998-12-10
Elli,Laurant,elaurantn1@yolasite.com,Female,1967-11-05
Brocky,Vollam,bvollamn2@wikimedia.org,Male,1999-07-12
Aarika,Croisier,acroisiern3@army.mil,Female,1962-10-01
Bert,Wiskar,,Female,1985-01-24
Jon,Yeoman,,Male,1978-03-11
Dilly,Pinch,,Male,1985-03-31
Bendite,Lepoidevin,blepoidevinn7@tamu.edu,Female,1966-09-25
Jase,Seally,jseallyn8@naver.com,Male,1993-01-24
Pattie,Daniell,pdanielln9@soup.io,Male,1976-02-02
Nicky,Graith,ngraithna@csmonitor.com,Male,1965-08-02
Jeri,Jeffray,,Female,1970-11-13
Danila,Ridding,driddingnc@abc.net.au,Female,1985-06-28
Lynnette,Jaggs,ljaggsnd@acquirethisname.com,Female,1988-03-02
Aksel,Rangle,aranglene@senate.gov,Male,1980-10-04
Cornell,Windsor,,Male,1963-01-01
Etienne,Wornham,ewornhamng@youtu.be,Male,1986-03-12
Merl,Tewes,,Female,1985-12-19
Homer,Dunsmuir,,Male,1979-06-29
Hilliary,Childes,,Female,1993-10-10
Molly,Murby,mmurbynk@youku.com,Female,1968-10-08
Brynn,Cupitt,bcupittnl@cnn.com,Female,1973-08-21
Fedora,Mahedy,,Female,1968-01-16
Nissie,Bridges,,Female,1969-04-04
Lita,Shadwick,,Female,1983-11-07
Giraldo,Biggar,gbiggarnp@virginia.edu,Male,1995-06-26
Reinald,Zecchini,rzecchininq@so-net.ne.jp,Male,1975-08-10
Jo-anne,Gonnel,jgonnelnr@sciencedirect.com,Female,1995-03-02
Mariya,Quodling,mquodlingns@nps.gov,Female,1974-05-08
Roxine,Strang,rstrangnt@jigsy.com,Female,1995-06-04
Bonita,Camps,bcampsnu@wunderground.com,Female,1986-05-21
Liana,Provis,lprovisnv@msu.edu,Female,1963-09-21
Vincenty,Malec,vmalecnw@etsy.com,Male,1999-04-03
Rodolfo,Itscovitz,,Male,1995-10-06
Jorgan,Edis,jedisny@lycos.com,Male,1961-05-24
Ode,Buckerfield,obuckerfieldnz@hud.gov,Male,1963-11-20
Griff,Nevin,gnevino0@over-blog.com,Male,1975-09-02
Roshelle,Peasgood,,Female,1966-04-02
Abby,Lamburn,,Female,1962-01-14
Monroe,Tilburn,mtilburno3@icq.com,Male,1985-04-14
Carleen,Gurner,cgurnero4@techcrunch.com,Female,1987-03-07
Billy,Bonass,,Female,1996-02-13
Kara-lynn,Muffen,kmuffeno6@artisteer.com,Female,1968-12-05
Cicily,Axel,caxelo7@shutterfly.com,Female,1960-10-24
Pepito,McGilvra,,Male,1976-06-23
Leone,O'Currigan,locurrigano9@netscape.com,Female,1985-03-11
Lindsay,Tweed,ltweedoa@homestead.com,Female,1964-11-18
Konstantin,Pieper,kpieperob@independent.co.uk,Male,1961-01-23
Delora,Cadigan,dcadiganoc@springer.com,Female,1966-04-25
Valentijn,Walter,,Male,1994-02-15
Johnna,Dikle,,Female,1972-06-08
Chrissy,Tremeer,ctremeerof@hubpages.com,Male,1992-12-27
Martie,Puttick,,Male,1983-11-09
Julita,Dupey,jdupeyoh@oracle.com,Female,1998-03-28
Anni,Peperell,apeperelloi@squarespace.com,Female,1996-06-05
Mae,Dyett,mdyettoj@springer.com,Female,1975-06-19
Sarena,Berthomier,sberthomierok@wiley.com,Female,1963-11-19
Kanya,Ganiford,kganifordol@slate.com,Female,1983-06-01
Bobina,Fleischmann,bfleischmannom@freewebs.com,Female,1995-08-12
Mack,Monshall,mmonshallon@zdnet.com,Male,1978-10-01
Chaddie,Bridgwood,cbridgwoodoo@slideshare.net,Male,1984-03-22
Erie,Asquith,easquithop@eepurl.com,Male,1993-07-23
Emmeline,Cownden,,Female,1980-11-20
Brittan,Rembrandt,,Female,1967-03-07
Diego,Allsopp,dallsoppos@github.com,Male,1972-10-10
Gabie,Cargenven,gcargenvenot@deviantart.com,Female,1996-04-14
Ryann,Farens,,Female,1979-11-17
Reta,Mucklow,,Female,1978-12-21
Seymour,Sember,,Male,1983-05-06
Clo,Annets,,Female,1992-11-02
Stephani,McAvey,,Female,1989-03-11
Abner,Boylin,,Male,2000-04-04
Reagan,Cato,rcatop0@cbslocal.com,Male,1999-01-10
Care,Brierton,cbriertonp1@fda.gov,Male,1965-08-03
Pinchas,Glanfield,pglanfieldp2@dell.com,Male,1966-11-01
Amy,Alekhov,aalekhovp3@printfriendly.com,Female,1972-08-12
Rochester,Giannazzo,rgiannazzop4@sakura.ne.jp,Male,1994-02-25
Jennie,Varley,jvarleyp5@sitemeter.com,Female,1977-12-26
Rudd,Donati,rdonatip6@apache.org,Male,1966-01-16
Whitney,Tarbert,wtarbertp7@drupal.org,Female,1981-02-07
Rollin,Smidmore,rsmidmorep8@last.fm,Male,1962-09-16
Jilly,Kynder,jkynderp9@ycombinator.com,Female,1965-12-23
Donni,Jopson,djopsonpa@hexun.com,Female,1964-04-12
Camella,Godlip,cgodlippb@state.tx.us,Female,1983-01-15
Dominique,Frankes,,Male,1983-07-26
Carny,Corten,ccortenpd@odnoklassniki.ru,Male,1980-08-03
Annabelle,Skouling,,Female,1962-05-10
Sully,Burberow,sburberowpf@cisco.com,Male,1985-07-04
Bunnie,Toal,btoalpg@cisco.com,Female,1992-01-24
Elston,Devenport,edevenportph@angelfire.com,Male,1991-08-29
Maynard,Beric,mbericpi@nba.com,Male,1999-08-25
Egor,Antoniewicz,eantoniewiczpj@ovh.net,Male,1973-03-03
Alida,Rodliff,arodliffpk@state.tx.us,Female,1983-03-24
Sayres,Sliney,sslineypl@webnode.com,Male,1989-12-20
Jude,Tasker,jtaskerpm@twitter.com,Male,1969-10-25
Basilio,Trippitt,btrippittpn@nytimes.com,Male,1977-09-05
Maiga,Deabill,,Female,1961-11-01
Katharina,Dirr,,Female,1965-12-05
Umeko,Mizen,umizenpq@chronoengine.com,Female,1971-12-22
Wright,Harragin,wharraginpr@engadget.com,Male,1996-04-27
Katharyn,Allibon,kallibonps@wired.com,Female,1974-03-17
Minnie,Parley,mparleypt@linkedin.com,Female,1976-09-02
Devonne,Dziwisz,,Female,1960-09-30
Camala,Stebbings,cstebbingspv@apache.org,Female,1976-05-15
Eadmund,Buggs,,Male,1979-06-02
Rolando,Duckwith,,Male,1979-08-20
Estrella,Milne,emilnepy@go.com,Female,1982-10-26
Avrit,Vass,,Female,1971-09-06
Wait,Dawtrey,wdawtreyq0@scribd.com,Male,1975-06-13
Thorsten,Midgley,,Male,1971-09-01
Elaine,Turton,eturtonq2@trellian.com,Female,1979-03-14
Ludovika,Brumwell,lbrumwellq3@myspace.com,Female,1961-02-27
Wolfie,Risebrow,wrisebrowq4@unc.edu,Male,1979-05-03
Dacie,Deane,ddeaneq5@tinyurl.com,Female,1971-02-26
Gerry,Yacob,,Female,1963-02-23
Tiffani,Saunper,tsaunperq7@prweb.com,Female,1995-07-11
Devan,Hatrick,,Female,1989-06-07
Friedrich,Browncey,fbrownceyq9@163.com,Male,1995-10-16
Pavel,Nuscha,pnuschaqa@ted.com,Male,1994-10-14
Othella,Oxe,ooxeqb@macromedia.com,Female,1977-02-03
Julianna,McCart,jmccartqc@mozilla.org,Female,1991-05-15
Sal,Stellin,,Male,1973-11-15
Sam,Fackney,sfackneyqe@tripod.com,Male,1968-06-29
Prentice,Middup,pmiddupqf@issuu.com,Male,1981-10-15
Germain,Aspey,gaspeyqg@bloomberg.com,Female,1971-09-11
Clare,Maypole,cmaypoleqh@live.com,Male,1986-12-04
Eleanore,Nern,,Female,1971-11-14
Ameline,Owenson,aowensonqj@telegraph.co.uk,Female,1970-09-05
Harlie,Curneen,,Female,1999-03-01
Georg,Villar,gvillarql@loc.gov,Male,1966-02-24
Manda,Canete,,Female,1982-06-12
Cordula,Oakden,coakdenqn@statcounter.com,Female,1962-12-14
Biddy,Loxton,bloxtonqo@furl.net,Female,1998-06-08
Antonina,Ridwood,aridwoodqp@dion.ne.jp,Female,1999-02-28
Crawford,Sharrocks,csharrocksqq@artisteer.com,Male,1985-03-13
Marne,Chritchley,mchritchleyqr@github.com,Female,1967-02-15
Malchy,McAline,mmcalineqs@deviantart.com,Male,1978-06-06
Isabella,Sedge,isedgeqt@businessinsider.com,Female,1998-06-04
Rafa,Handrahan,,Female,1984-10-09
Meredithe,Bowra,mbowraqv@oracle.com,Female,1979-03-14
Nixie,McMenamin,nmcmenaminqw@xinhuanet.com,Female,1989-05-15
Brianne,Pourveer,bpourveerqx@wikia.com,Female,1985-11-26
Gannon,McCoole,gmccooleqy@youtube.com,Male,1991-01-17
Chic,Garioch,cgariochqz@reference.com,Male,1967-05-09
Paulo,Fleckno,,Male,1973-05-19
Maris,Demoge,mdemoger1@slate.com,Female,1973-02-14
Nye,Anglim,nanglimr2@rakuten.co.jp,Male,1970-10-16
Ashton,Mathely,amathelyr3@usa.gov,Male,1980-05-04
Eddie,Zettoi,ezettoir4@accuweather.com,Female,1983-10-07
Dennie,Dakhov,ddakhovr5@pinterest.com,Female,1970-07-19
Curran,Reeday,,Male,1972-10-28
Dacie,Eglise,degliser7@youku.com,Female,1974-05-02
Rossie,Ottam,rottamr8@netvibes.com,Male,1962-01-04
Kipp,Grabert,kgrabertr9@admin.ch,Male,1988-12-18
Leigha,Pochet,lpochetra@clickbank.net,Female,1989-03-22
Lucio,McGinnell,lmcginnellrb@yahoo.co.jp,Male,1964-12-10
Alexis,Cain,acainrc@qq.com,Female,1991-01-22
Tiff,McCoole,,Female,1997-01-24
West,Borges,wborgesre@mit.edu,Male,1967-08-30
Dierdre,Mathis,,Female,1974-12-11
Ferdie,Naire,fnairerg@blinklist.com,Male,1982-05-30
Bendicty,Astupenas,bastupenasrh@drupal.org,Male,1971-03-05
Loydie,Lashmore,llashmoreri@wordpress.org,Male,1975-12-07
Sylas,Jirek,,Male,1993-04-01
Ranice,Style,rstylerk@army.mil,Female,1969-07-18
Dorian,Dayes,ddayesrl@bbb.org,Female,1975-09-17
Leda,Gouda,lgoudarm@marriott.com,Female,1962-08-07
Nesta,Spalding,nspaldingrn@sohu.com,Female,1991-09-01
Pierce,Guerriero,pguerrieroro@is.gd,Male,1984-04-03
Roma,Linsay,rlinsayrp@blogspot.com,Male,1967-12-25
Klara,Sander,,Female,1966-03-23
Carmita,Law,,Female,1960-12-16
